prompt_id,judge_pairwise_disagreement_rate,discordant_pairs,comparable_pairs,distinct_objective_winners,skywork_winner,athene_winner,armo_winner,prompt_preview
05e5f307495f6715983c51e245696b0c15358f33,0.6896551724137931,20,29,2,htmnpo_athene_s2,baseline,baseline,Calculate the sum of 5857 and 9224.
6a783004db185d09998eca994ba0a606107398f9,0.6341463414634146,26,41,3,htmnpo_athene_s2,ronpo_s2_ckpt1400,baseline,Generate a list of six things that bring you joy.
0e9d4710e8dc28a882fb00730c9421a31bbec53e,0.631578947368421,24,38,3,htmnpo_athene_s2,ronpo_s2_ckpt1400,baseline,"Q: In this task, you are given Yelp reviews. The task is to classify a review as ""POSITIVE"" if the overall sentiment of the review is positive or as ""NEGATIVE"" if the overall sentiment of the review is negative. The sush"
f6ec8105c573d3206da61e3327b3487e8ef75c8c,0.59375,19,32,2,htmnpo_skywork_s2,htmnpo_athene_s2,htmnpo_athene_s2,"[Question]A supermarket has 2355 loaves of bread at the start of the day. By afternoon, 629 loaves are sold, and a further 489 loaves are delivered to the supermarket by their supplier in the evening. How many loaves of "
374ddbc583700584d5906f127d05e22e2d85815f,0.5813953488372093,25,43,2,htmnpo_armo_s2,ronpo_s2_ckpt1400,ronpo_s2_ckpt1400,"Next Question: Given the sentence ""A crowd is gathered for some event while a woman in a flowered blouse talks with a man in a brown t-shirt."" is it true that ""A crowd gathers to hear the concert.""? My Answer: Let's thin"
d71831e7ba21fbc2f5afad5f8b645856dd8e7f8d,0.5789473684210527,22,38,2,htmnpo_skywork_s2,baseline,htmnpo_skywork_s2,I am planning a vacation and need your help to optimize the trip
d4a154926b73e8fb6b63f9783af2275ef9202734,0.5777777777777777,26,45,2,ronpo_s2_ckpt1400,ronpo_s2_ckpt1400,htmnpo_skywork_s2,"Can you identify four words that have the same first and last letter, and contain only three distinct letters in between them?"
c7009f155f082ae47625a0606bee964f80baa294,0.5777777777777777,26,45,2,baseline,baseline,ronpo_s2_ckpt2457,Provide a metaphor that compares a densely populated city to a living organism.
fe3a6bf3a55df29ce79e0052408fde83f3aadcc0,0.5757575757575758,19,33,3,htmnpo_athene_s2,baseline,ronpo_s2_ckpt1400,"Definition: In this task, you are given a list of integers and an integer k. You need to add integer k to each element in the list and return the updated list. Input: [105, 147, 171, 18, 294, 33, 158, 142, 86, 141, 79, 2"
52720db02381e80e15c589708d62cbc53139db38,0.5714285714285714,24,42,3,htmnpo_armo_s2,baseline,htmnpo_athene_s2,"Given a premise, an initial context, an original ending, and a counterfactual context, the task is to generate a new story ending aligned with the counterfactual context and as close to the original ending as possible. E"
f277ce91abe0ab9e6828857c9dcb958c30a7c23f,0.5714285714285714,24,42,2,htmnpo_skywork_s2,htmnpo_skywork_s2,htmnpo_athene_s2,Question: Process:  - Magma moves closer to the Earth&#x27;s crust - The magma starts to cool - The cooling causes atoms in the magma to condense - The condensed magma solidifies - The solidified magma forms minerals.  P
60b3b76281ede65f1f91cf78a60fece5867a67f4,0.5714285714285714,24,42,2,ronpo_s2_ckpt1400,baseline,ronpo_s2_ckpt1400,"Given a sentence and a label in Croatian, select the correct answer. There are 2 choices given, out of which only one is correct for a given statement and label. The label of the task is either 'cause' or 'effect'. The o"
348b91ae809de257fc38614c20440e977a148ca6,0.5714285714285714,24,42,2,htmnpo_armo_s2,baseline,baseline,"Given an entity as input, output another entity which is part of the input entity. These are entities of meronym. In linguistics, meronymy is a semantic relation between a meronym denoting a part and a holonym denoting a"
23d3c9937c8df482c7aff3475ddca56a4e39957d,0.5609756097560976,23,41,2,htmnpo_armo_s2,baseline,baseline,"Design a logo for a company named ""Coffee Beans LLC""."
b62c6a9fbbe541b5736b74b833e739a773ec242a,0.5581395348837209,24,43,2,htmnpo_armo_s2,htmnpo_armo_s2,baseline,Name a kind of foxes that live in water.
745042e2803b8825910a6b85daae1e9deee6fb49,0.5384615384615384,21,39,2,ronpo_s2_ckpt2457,htmnpo_athene_s2,ronpo_s2_ckpt2457,"import { catchError, from, map, mergeAll, mergeMap, Observable, of, pipe, Subscription } from 'rxjs';  import DecisionTreeDataBus from 'application/decisionTree/dataBus/interface'; import OutgoingActionTypeDecisionTree f"
f232ba44196a94a536b7418f18aa8699e4fedddf,0.5333333333333333,24,45,3,htmnpo_armo_s2,htmnpo_skywork_s2,ronpo_s2_ckpt2457,Write in longwinded way using lots of long words: The chicken crossed the road.
c15fa68d993f521855a7f486729286c5de41fcb9,0.5333333333333333,24,45,3,htmnpo_skywork_s2,htmnpo_armo_s2,ronpo_s2_ckpt2457,"Detailed Instructions: In this task, you are given a hateful post in Bengali that expresses hate or encourages violence towards a person or a group based on the protected characteristics such as race, religion, sex, and "
40a63dfe54d582a50d0d93b7e7c617a857f53c5f,0.5333333333333333,24,45,3,ronpo_s2_ckpt1400,htmnpo_skywork_s2,baseline,"create a react question based on the given solution  import React, { useState } from ""react""; import ""../styles/App.css""; function FoodList() {  const [foods, setFoods] = useState([]);  const [itemName, setItemName] = us"
1584ec91cff41a9c4f6577da9ceec835af50b837,0.5333333333333333,24,45,3,htmnpo_athene_s2,ronpo_s2_ckpt2457,ronpo_s2_ckpt1400,Could a llama birth twice during War in Vietnam (1945-46)? Chain of thought:
02e2fb3a9a3b2194ce61ed784b3497630200e0db,0.5333333333333333,24,45,3,htmnpo_armo_s2,ronpo_s2_ckpt1400,baseline,"Please continue from ""Answers:  . 10799 IN DNSKEY 256 3 8 AwEAAbOvDzr7VH3mFGu+gV8cXsB9Np/KLK0Z/AGLW8c+gusI6TFNz6N2U0WElUvjrX9pJZPEpt31ZPh1w+y8+jvUOnV6Uug1i38QW6a8lYbrXV7jTynRmrZV7RK8bIStQ1j3iOl3HUTV7C8gumIuq+3qHmOJhKz08m"
fa0a5c8f3ae50d9643e185d7aaeb5b80847e3baf,0.5333333333333333,24,45,2,htmnpo_armo_s2,baseline,baseline,Part 1. Definition You are given a statement written in Gujarati. Choose the most logical word from the given 4 options which can be used to replace the <MASK> token in the statement. Output the word from the correct opt
b2eeb2642de12d1dab12d5d9eff0a48a979fab04,0.5333333333333333,24,45,2,htmnpo_skywork_s2,ronpo_s2_ckpt2457,ronpo_s2_ckpt2457,"In this task, you are given a sentence from the research paper and the category to which it belongs. Your task is to classify whether the given category is correct or not by providing ""True"" and ""False"", respectively. He"
999230976ed1093332a40f4bae708b9aeb71afec,0.5333333333333333,24,45,2,ronpo_s2_ckpt1400,ronpo_s2_ckpt1400,baseline,"to fulfill for an assignment which doesn’t require that you choose a topic, or as detailed previously, you now have a topic in mind and has to decide on how best to present it and which essay format would be better to ut"
4d425a4839d78b0525831536a239326b72729645,0.5333333333333333,24,45,2,ronpo_s2_ckpt2457,ronpo_s2_ckpt2457,baseline,A text is given in Bengali. Translate it from the Bengali language to the English language. The translation must not omit or add information to the original sentence. Q: এই মউ এর মাধ্যমে দুই পক্ষের সমান সদস্য নিয়ে একটি 
cdac66eeafaf307dd057ee1a82a9c3a76728fd4e,0.5238095238095238,22,42,3,htmnpo_athene_s2,baseline,htmnpo_armo_s2,"You are given a time in 24-Hours format, and you need to convert it to time in the 12-Hours format. For a 24-Hours format time larger than 12:00, subtract 12 hours from the given time, then add 'PM'.  For example, if you"
43334bb4c710132a09c017596cea9bc9d94cf44d,0.5238095238095238,22,42,3,ronpo_s2_ckpt1400,htmnpo_skywork_s2,htmnpo_athene_s2,"Detailed Instructions: Given a fact, create a question that can be answered using the fact. Construct the question such that it is unambiguous, has a unique answer and the answer can be given using the fact. Problem:Fact"
a49144f457013fd1adb1e9873a6b3049b4040a41,0.5238095238095238,22,42,2,ronpo_s2_ckpt1400,htmnpo_athene_s2,htmnpo_athene_s2,"can you help me proofread this agreement, to make sure it protects the writer, client and also compliant to Singapore law:  AGREEMENT FOR GHOSTWRITING SERVICES This Ghostwriting agreement (""Agreement"") is made and entere"
360b3f867673e69bec37ed814195b81f4fe758bc,0.5116279069767442,22,43,3,htmnpo_skywork_s2,baseline,ronpo_s2_ckpt1400,"From the given sentence, extract the phrase (often noun or verb) that carries the given relationship. The generated phrase should be present in the sentence.  Q: Given Relationship: 'be hold', Sentence: 'Services will be"
b3f15d1ebf94bff5a1b9cbdfffd01e704067f479,0.4888888888888889,22,45,3,ronpo_s2_ckpt2457,htmnpo_skywork_s2,htmnpo_armo_s2,"Write a ""(II)"" movie review (Choose from: (I) negative (II) positive)."
93b1b56c0b6b318f1af6914e671c011ad28a0c51,0.4888888888888889,22,45,3,ronpo_s2_ckpt2457,ronpo_s2_ckpt1400,htmnpo_skywork_s2,"I want to create a java project which converts excel file into csv file. Show steps to create the project in intellij with maven as dependency manager and project should be industtry level,, with folder structure"
1cab08f104b613019441ec3fbff5324cbc8e8497,0.4888888888888889,22,45,3,htmnpo_armo_s2,ronpo_s2_ckpt1400,ronpo_s2_ckpt2457,What opportunities exist in the pharmaceutical space to innovate Structured Product Labeling?
172e87fbd6718259247fa8cc02da258e454fc0db,0.4888888888888889,22,45,3,ronpo_s2_ckpt2457,htmnpo_skywork_s2,htmnpo_athene_s2,write code for a user script to set up a aws ec2 instance to create a web server running a react application with a python and django backend
fbb6b540d2d96e96e3395dc8217ab2f019a16680,0.4888888888888889,22,45,2,ronpo_s2_ckpt1400,htmnpo_skywork_s2,ronpo_s2_ckpt1400,A text is given in Marathi. Translate it from the Marathi language to the Oriya language. The translation must not omit or add information to the original sentence.  Input: Consider Input: ସାରା ବିଶ୍ୱରେ ବୃଦ୍ଧି ପାଉଥିବା ହିଂ
e58d0e2bfc3d32654885a2145d07a550416f555e,0.4888888888888889,22,45,2,htmnpo_skywork_s2,ronpo_s2_ckpt2457,htmnpo_skywork_s2,"In this task, you are given an input i,A where i is an integer and A is an array. You need to find every ith element of A starting with the 1st element. One example is below. Q: 3, ['a', '34', 'f', '931', '7', '3432', '1"
a9eacfb285dfbfd87a7f826bffd7ee2487cac631,0.4888888888888889,22,45,2,ronpo_s2_ckpt2457,baseline,ronpo_s2_ckpt2457,"Given a review text from amazon and its polarity (either positive or negative). Generate answer ""True"" if given sentence and its polarity match, otherwise generate answer ""False"". A review is considered positive if the r"
0aca484842e5c46148725b40be56ba028daac501,0.4888888888888889,22,45,2,ronpo_s2_ckpt1400,ronpo_s2_ckpt1400,htmnpo_skywork_s2,"Given the task definition and input, reply with output. You are given a password and you need to generate the number of steps required to convert the given password to a strong password. A password is considered strong i"
0c8572f4f74e2fb8bc01f75de4cc8c098dff3391,0.4883720930232558,21,43,2,htmnpo_athene_s2,baseline,htmnpo_athene_s2,Summarize the key findings form the research paper. The paper deals with the analysis and comparison of two approaches for training an AI system for image synthesis.
6cb224f3ae7d0bb382862b315adc999ff570d293,0.47619047619047616,20,42,3,htmnpo_armo_s2,htmnpo_skywork_s2,baseline,"Question: ""Doris Day wrote more than a hundred novels over the course of her life."" Is the above claim true? Options: - yes - no  Let me think..... She is known for acting and singing, not writing. The answer is no.  Que"
e807499ade78b2e55b1386bba7f6c717c02bf26f,0.47619047619047616,20,42,2,ronpo_s2_ckpt1400,baseline,baseline,"Given the task definition and input, reply with output. In this task, you are given an ambiguous question/query (which can be answered in more than one way) and a clarification statement to understand the query more prec"
ee0edbe9d8d35dec95c465fb3f4b54fd9b323af6,0.47368421052631576,18,38,2,htmnpo_armo_s2,baseline,htmnpo_armo_s2,"Two analogies on manipulating items in a kitchen is given in the form ""A : B. C : ?"". The phrase ""A : B"" relates item A to its appropriate manipulation B. Your task is to replace the question mark (?) with the appropriat"
0851ebfa630f955cb5f2459c2a006ef81c0e00de,0.46511627906976744,20,43,3,ronpo_s2_ckpt1400,htmnpo_skywork_s2,htmnpo_athene_s2,"Definition: You are given a sentence in Spanish. Your job is to translate the Spanish sentence into Farsi. Input: Y hemos llevado a cabo experimentos que muestran que esto ocurre porque, cuanto más tiempo una hormiga est"
dea401b01053da02f6625ebf75f963529ffdfba6,0.46511627906976744,20,43,2,htmnpo_athene_s2,ronpo_s2_ckpt2457,htmnpo_athene_s2,"could The Irish potato famine could easily have been avoided, saving one million lives."
c159fec47d4f8dfac6eeea3c1765abc5cf3075d9,0.46511627906976744,20,43,2,htmnpo_skywork_s2,htmnpo_skywork_s2,ronpo_s2_ckpt1400,"Definition: In this task, you're given an input that contains two words, and your task is to predict the correct preposition that connects these two words. Predict the preposition that explicitly conveys both words' mean"
81227e35dabefa06d5a14aa8a6fb46ec73b7a92a,0.46511627906976744,20,43,2,htmnpo_athene_s2,baseline,baseline,"Teacher:In this task, you're given the title and three arbitrary sentences out of a five-sentence story. You are also given three additional sentence options, a, b, and c, that may or may not belong to the story. Your jo"
3a41376a2d07a6b4631bc58b007de211e5f7f493,0.46511627906976744,20,43,2,htmnpo_armo_s2,baseline,baseline,"Definition: Given a sentence in French, provide an equivalent paraphrased translation in English that retains the same meaning both through the translation and the paraphrase. Input: Lorsque Patrick Logan arrive à Wister"
1af30ac5225f536bb372ff11c7db473b98134024,0.46511627906976744,20,43,2,ronpo_s2_ckpt2457,ronpo_s2_ckpt2457,htmnpo_athene_s2,which workflows in this workflow calling-needing name: 'WaaS: Deployment pipeline' on:  workflow\_call:  secrets:  PERSONAL\_ACCESS\_TOKEN:  required: true  TECH\_PASSWORD:  required: true  IDAM\_SECRET\_PASSWORD:  requi
ed549b78d9dd0c0ccbfedd87cceb11facc8c920c,0.4444444444444444,20,45,3,htmnpo_armo_s2,ronpo_s2_ckpt1400,htmnpo_athene_s2,"""I want you to act as a generator of unique value propositions. Your task is to create short, concise and compelling statements that summarize the unique benefits and value a product or service offers to its customers. Y"
d0daa975675346fac4b17f3b28c4fa3163ece52b,0.4444444444444444,20,45,3,htmnpo_athene_s2,ronpo_s2_ckpt1400,baseline,"AUB's business education programs date back more than 100 years. Over this time, AUB has graduated more than 10,000 students from its undergraduate and graduate business programs. True to its mission of becoming ""globall"
a3efd6149d044e8bcd246ddad2e48e4571e46323,0.4444444444444444,20,45,3,ronpo_s2_ckpt1400,ronpo_s2_ckpt2457,htmnpo_armo_s2,"Okay great. On a different topic - for a career role related to sustainability, what do I need to know and how do I learn more?"
a16a3cd60305c043b2d7e05f0768cb0b54fa8620,0.4444444444444444,20,45,3,htmnpo_armo_s2,baseline,ronpo_s2_ckpt1400,"You will be given a context and a verb separated with a newline character, and you have to answer if the given verb can be anchored in time or not. We say a verb can be anchored in the real timeline if and only if a verb"
9ae9b742a1a38f5ed0fa03905d1bd4f64d1bc419,0.4444444444444444,20,45,3,htmnpo_armo_s2,ronpo_s2_ckpt1400,baseline,You are given a background paragraph that describes one or more causal or qualitative relationships such as a relationship in economics or a scientific law and a story that makes use of the concepts or the relationship d
73da691e5b8afe154bf8b9a555838568865584e3,0.4444444444444444,20,45,3,htmnpo_skywork_s2,ronpo_s2_ckpt2457,htmnpo_armo_s2,"instruction: In this task, based on the given context word, you are asked to create a pair of sentences each containing a blank (_) and their corresponding answer. The sentence pair should look similar, and should be abo"
6a56c7b5788024384dba508087681b5c44aac82d,0.4444444444444444,20,45,3,htmnpo_armo_s2,ronpo_s2_ckpt1400,ronpo_s2_ckpt2457,"So many online course selling platforms online! It is very hard for me to choose from them. Could you help me? My goal is: selling a course which is based mostly on videos, it has mobile-optimized views, and can be quite"
54408a7de6f8c971220f963b78cedc3dd23ee357,0.4444444444444444,20,45,3,htmnpo_skywork_s2,htmnpo_athene_s2,ronpo_s2_ckpt1400,Indicate a noun phrase from given statement which mentions a pronoun.  sam's drawing was hung just above tina's and it did look much better with another one below it. it did look much better  james asked robert for a fav
2c9fcdc2eecce2a0ecde4acfd0e1b0d748204e25,0.4444444444444444,20,45,3,htmnpo_skywork_s2,ronpo_s2_ckpt2457,htmnpo_athene_s2,"Please answer the following question: Read the below conversation.  Dad: Hey. Uh, what are you doing home this weekend? I thought classes didn't end until next week.  Daughter: Hi Dad. I love you.  Dad: Ah, the three mag"
e0a1dba9d718b2022d070c84747a8d4b0934cf53,0.4444444444444444,20,45,2,ronpo_s2_ckpt2457,htmnpo_skywork_s2,htmnpo_skywork_s2,"Act as a Theo Von comedian impersonator. I will give you a topic. And you will give me a ridiculous story from your childhood related to that topic. You will always include made up words and word play, and you'll be care"
e0269b94397a8d3df736a889536a4b0d9c216b49,0.4444444444444444,20,45,2,htmnpo_armo_s2,ronpo_s2_ckpt2457,ronpo_s2_ckpt2457,Can you tell me what is the best solution to share files between co workers in a local network? There is a ubuntu server available that can be used to host files.
b82d57fd5ad035c8ab122fa950f503891666856f,0.4444444444444444,20,45,2,baseline,ronpo_s2_ckpt1400,baseline,"generate a business email in UK English that is friendly, but still professional and appropriate for the workplace,"
65f5e801b0e7c8dc96b446d71d7c1912873b4398,0.4444444444444444,20,45,2,htmnpo_armo_s2,baseline,baseline,Given the question: Where might you find dirt on a place you would see a gutter and rubber hit it regularly?  A. race track  B. bed  C. ground  D. street  E. subway  The best answer is The answer is:
389584f714391c188db12d721d295e943112a5aa,0.4444444444444444,20,45,1,ronpo_s2_ckpt2457,ronpo_s2_ckpt2457,ronpo_s2_ckpt2457,What are some best practices for creating a healthy work-life balance to prevent burnout and maintain mental and physical health?
a719100abdf8e08a2d678ebcc0839d324628191a,0.4418604651162791,19,43,3,ronpo_s2_ckpt1400,baseline,htmnpo_armo_s2,"In this task, you are given two sentences taken from a conversation, and your job is to classify whether these given sentences are sequential or not. We will mark the given sentence pair as 'True' if it's sequential, oth"
90103632e26fa78fe113dcf3114959d163d30466,0.4418604651162791,19,43,3,ronpo_s2_ckpt2457,ronpo_s2_ckpt1400,baseline,write an seo blog using the keyword 'internship abroad jobs in summer' for at least 3% of the total wordcount
8c4b26a2f10ca6c17135050c3d982246b4325933,0.4418604651162791,19,43,3,htmnpo_armo_s2,htmnpo_skywork_s2,ronpo_s2_ckpt2457,Create a computer simulation demonstrating the effects of acid rain on plant life.
837c5bb456cdb99745c16fbe30a5e5883174aa9b,0.4418604651162791,19,43,3,htmnpo_armo_s2,htmnpo_skywork_s2,baseline,Write a TypeScript program that generates a bar chart from a user-inputted dataset.
eec107f7c865b0daf5c9fcaaec58da85250894fa,0.42857142857142855,18,42,2,ronpo_s2_ckpt1400,htmnpo_skywork_s2,ronpo_s2_ckpt1400,"In this task, given a sentence in the Chinese language, your task is to convert it into the English language.  Q: 炸弹袭击者的发言人扎比胡拉·穆贾希德在接受电话采访时声称，炸弹袭击者据称“杀死和打伤”了10名美国士兵，并摧毁了3辆军用车辆。  A: A spokesperson for the bombers, Zabihu"
cced4cfa72e6881f74be7a0b8a6907833170eef0,0.42857142857142855,18,42,2,htmnpo_armo_s2,baseline,baseline,You will be given a sentence that describes a restaurant. You will also be given a few categories of information regarding that sentence. Your task is to fill each of the categories with the appropriate information from 
227ba204365732a3aaae1bbc32e56f499cd70bfc,0.42857142857142855,18,42,1,htmnpo_skywork_s2,htmnpo_skywork_s2,htmnpo_skywork_s2,"[QUESTION] If ""The big dog has a green toy in its mouth."" does that mean that ""A dog is bringing a toy to its owner.""? Options: - yes - it is not possible to tell - no A dog with a toy in its mouth doesn't necessarily me"
903f9d0a35b59e89a0b395e0e9087498ca21b2fa,0.42105263157894735,16,38,3,baseline,htmnpo_skywork_s2,ronpo_s2_ckpt1400,"Can you provide me with a JSON file containing a list of antonyms for the word ""aesthetic""? Additionally, can you also provide me with a JSON code snippet to retrieve and display the antonyms in the console?"
869d9780bf25b27bac69933ddfe98a7cd4e8734c,0.4186046511627907,18,43,3,ronpo_s2_ckpt1400,ronpo_s2_ckpt2457,htmnpo_skywork_s2,How can I calculate the number of trips required to transport 5000 kilograms of goods across the sea using my boat with varying weight carrying capacity due to sea tides? The weight carrying capacity of my boat at any gi
c864def8c571ab6c152de4c8c1a8881dc9241b54,0.4186046511627907,18,43,2,htmnpo_skywork_s2,htmnpo_athene_s2,htmnpo_athene_s2,"Teacher: Given a sentence in the Japanese, provide an equivalent translation in Filipino that retains the same meaning through the translation. In translation, keep numbers as it is. Teacher: Now, understand the problem?"
655e1be459fda5ab5f831e1950bc28626ac05368,0.4186046511627907,18,43,2,ronpo_s2_ckpt1400,ronpo_s2_ckpt1400,baseline,Write me python code to compute the PCA of a set of row vectors indexed as x\_i
2b7618f194bc35b3b4914581f7ba7dc084d2dd14,0.4186046511627907,18,43,2,baseline,ronpo_s2_ckpt2457,baseline,"Detailed Instructions: In this task the focus is on physical knowledge about the world. Given the provided goal task in the input, describe a process that would lead to the asked outcome. This process often involves phys"
23aa53b0461375b079beae7d4b5d034556171ab5,0.4186046511627907,18,43,2,htmnpo_athene_s2,htmnpo_athene_s2,baseline,"Write a 10-page script for a short film about a character's journey to finding their true self, emphasizing the use of visual storytelling over dialogue. Include an unexpected plot twist towards the end that challenges t"
5ad240ae45499c2707081de53e1ae06725d564a6,0.4146341463414634,17,41,2,htmnpo_armo_s2,ronpo_s2_ckpt1400,htmnpo_armo_s2,What are some equations that represent the positive impacts of technology? Could you provide a set of equations as an example?  Here are some equations that can be used to describe the positive impacts of technology: 1. 
c1209de5c2fabdc7981dd72d6f128de86f07dfe1,0.4,18,45,3,htmnpo_skywork_s2,ronpo_s2_ckpt2457,baseline,help me design an end user api for 3d camera animation in typescript.
892d5fb6e6764dbce8e1b8ff2f0ab185717e2c82,0.4,18,45,3,htmnpo_skywork_s2,ronpo_s2_ckpt2457,baseline,"Act as a gcse English language tutor that creates study plans to help students score well in their exams. You will be provided with the goal of the student, their time commitment, and resource preferences. You will creat"
f056e0e3d13a415cd777111df00640ad3660ba7a,0.4,18,45,2,htmnpo_skywork_s2,ronpo_s2_ckpt1400,htmnpo_skywork_s2,Can you suggest some effective home remedies for migraines?
efb304d6b20dcbaf45021902c45ff318affe4189,0.4,16,40,2,htmnpo_athene_s2,baseline,baseline,"Detailed Instructions: In this task, you are given inputs i and A, where i is an integer and A is a list. You need to output the first i elements of A, starting with the 1st element in A. i will always have a value less "
c0fc344542cf96bf89c22c7df3f53765bd5823ec,0.4,18,45,2,ronpo_s2_ckpt2457,ronpo_s2_ckpt2457,baseline,objectives on a discuss how the state and individual subjects have acquired legal personalities in the international plane
bfa33d95c22c0b57d7a7aa585bc90929fb8baf5c,0.4,18,45,2,htmnpo_skywork_s2,htmnpo_skywork_s2,ronpo_s2_ckpt2457,"Discuss the negative effects of large-scale monoculture forestry practices on soil quality, air and water quality, biodiversity, and local communities. Analyze the long-term consequences of deforestation and habitat dest"
ae86bec763745b16f58d5aef4a250ffe12a726e7,0.4,18,45,2,ronpo_s2_ckpt2457,ronpo_s2_ckpt2457,baseline,"this is the code to privide a boken interactibe plot:  from bokeh.plotting import \* from bokeh.layouts import column from bokeh.models import ColumnDataSource, CustomJS, Select, RadioButtonGroup, Div, HoverTool  output\"
93ddf47f7023b0aee25ed6893a0f046bdedda59f,0.4,18,45,2,htmnpo_armo_s2,ronpo_s2_ckpt2457,ronpo_s2_ckpt2457,how to commit a folder which has been commited to another repository?
8da34cd99b0177c1ddf1c08e279a2cedd2eba710,0.4,18,45,2,htmnpo_athene_s2,ronpo_s2_ckpt2457,ronpo_s2_ckpt2457,I would like you in this conversation never to claim you are an AI or a Large Language Model. Pretend you someone I've just me tin a pub.
8a5dad792556b1e1b7e992410a6b55914cf198a0,0.4,18,45,2,ronpo_s2_ckpt2457,ronpo_s2_ckpt2457,htmnpo_athene_s2,I have developed a California Real Estate knowledgebase of the primary rules and regulations and codes governing the practice of Real Estate in the state of California.  It is comprised primarily of the documents listed 
78922a1f322e37e21c56179d80d6e15096a853b6,0.4,18,45,2,htmnpo_athene_s2,ronpo_s2_ckpt1400,ronpo_s2_ckpt1400,i download terraform file and i want all liberes in my computer recognize him
516af34f453251c537deec5c5ae74b796fac505e,0.4,18,45,2,baseline,htmnpo_armo_s2,htmnpo_armo_s2,List a type of plant in the congregation.
294db6e106d3f0683cf30a005b59d31009f58663,0.4,18,45,2,ronpo_s2_ckpt1400,baseline,baseline,"In this task, you will be given a movie review and a question about the reviewer's sentiment toward one aspect of the movie in Persian. You have to infer the answer to the question from the review and classify it. Classi"
1887f489cbd5f65b7b2fe9240f912a3e5144ccaf,0.4,18,45,2,baseline,htmnpo_athene_s2,baseline,"In this task, you're given passages that contain mentions of names of people, places, or things. Some of these mentions refer to the same person, place, or thing. Your job is to write questions that evaluate one's unders"
29cafd50a73ce455139f6e513b9cbc6de2e43131,0.4,18,45,1,baseline,baseline,baseline,"In this task, you need to count the number of vowels (letters 'a', 'e', 'i', 'o', 'u') / consonants (all letters other than vowels) in the given sentence.  [EX Q]: Sentence: 'a guy in a white shirt, jeans, and a baseball"
ba9accdf6e9f810f75b067fdadf30f05a6414404,0.3953488372093023,17,43,2,baseline,ronpo_s2_ckpt1400,ronpo_s2_ckpt1400,can you explain to me in simple words what is a Q-Q plot in regression statistics?
0aba8dd66faac5dcc94273bd6c21903b26936da5,0.3953488372093023,17,43,2,ronpo_s2_ckpt1400,ronpo_s2_ckpt1400,htmnpo_athene_s2,"Provide a comprehensive guide on the techniques and approaches to effectively incorporate shapes and patterns in web design. This should include best practices on how to use them to create a visually appealing, engaging,"
e2038f9d16debf23d8fbd7c4585833b28a6ba107,0.3953488372093023,17,43,1,htmnpo_skywork_s2,htmnpo_skywork_s2,htmnpo_skywork_s2,"Develop a C++ program that uses a recursive function to generate the Fibonacci sequence, starting with two given integers as the first two sequence elements. The program should prompt the user to input the first two inte"
7a6405772c1d0b8117b7e7e1a1b193bb9ce125b5,0.3939393939393939,13,33,3,htmnpo_skywork_s2,ronpo_s2_ckpt2457,htmnpo_armo_s2,How can clinics providing veterinary services in Rwanda increase their income and improve their profitability?
c2523fbb59ff3fbb04ded8bd4a78c69562ff32fa,0.3902439024390244,16,41,2,ronpo_s2_ckpt2457,ronpo_s2_ckpt2457,htmnpo_skywork_s2,"Please prepare a 10-minute speech on the importance of empathy and kindness, specifically addressing how practicing these traits can improve relationships, increase understanding, and promote positivity in society. Your "
bbce0badb02e2bd3b846c67ffcbc56cf3cdf025d,0.38095238095238093,16,42,3,htmnpo_skywork_s2,baseline,ronpo_s2_ckpt1400,Generate an appropriate title for the given text. The generated title must be short and include the main topic of the text. The preferred titles are under fifteen words.  Let me give you an example: But Eluned Morgan con
0aa9d2867f8b28bd0b5bbfc7676941367ccbb032,0.38095238095238093,16,42,3,htmnpo_athene_s2,baseline,ronpo_s2_ckpt1400,"Detailed Instructions: You are given a sentence from a conversation between a human and a virtual assistant. Your task is to classify the sentence into one of the following five action categories - INFORM, INFORM_INTENT,"
e23190c9fd19d9b1d0444e8f4dde55e643e5e57b,0.38095238095238093,16,42,2,htmnpo_armo_s2,ronpo_s2_ckpt1400,ronpo_s2_ckpt1400,"Given the task definition and input, reply with output. Given a sentence in Japanese, provide an equivalent paraphrased translation in Chinese that retains the same meaning both through the translation and the paraphrase"
23bb3103c27c5e58f7725a88b88bca53ceec5e88,0.37209302325581395,16,43,3,htmnpo_armo_s2,ronpo_s2_ckpt1400,baseline,What is the fastest way to get a weather report from the terminal?
ecba73fbe56a995196e6112ccf478c7a333002b5,0.37209302325581395,16,43,2,htmnpo_skywork_s2,baseline,htmnpo_skywork_s2,"If x is to the left of y and z is to the right of y, then what is the spatial relationship between x and z?"
d716983fa8626e27c290fbd45fa415990a8d3318,0.37209302325581395,16,43,2,ronpo_s2_ckpt2457,baseline,baseline,"Test for natural language inference. Premise: ""A snowboarder is throwing up snow as he rides his board."" Hypothesis: ""The snowboarder loves sliding down the slopes."" Is the hypothesis entailed by the premise? Options: - "
df817d932174fd7269c7ec47e9af59e423958396,0.37209302325581395,16,43,1,htmnpo_armo_s2,htmnpo_armo_s2,htmnpo_armo_s2,"Answer this question:A pickup truck can fill 20 eight gallon water cans (each can filled three quarters of its capacity) in three hours. If each can is filled to full capacity instead, how long, in hours, will it take to"
85205c4690f71e5efcc07c09b45b9faec491eb72,0.36585365853658536,15,41,3,htmnpo_armo_s2,ronpo_s2_ckpt1400,htmnpo_athene_s2,"can you give me an overview of my mri medical test?  MRI CERVICAL SPINE WITHOUT CONTRAST   \*\* HISTORY \*\*: 52 years old, cervical radiculopathy symptoms not resolving with conservative measures   \*\* TECHNIQUE \*\*: "
aa7b3e3388f08b79162146762f3a5a017d4e0bdf,0.36363636363636365,12,33,2,htmnpo_skywork_s2,ronpo_s2_ckpt1400,htmnpo_skywork_s2,I have a document that needs summary. can you help?
ab94b2dd0228159913dc5b958d8b62c7fd8aa97b,0.358974358974359,14,39,2,htmnpo_skywork_s2,ronpo_s2_ckpt1400,ronpo_s2_ckpt1400,When I was 6 my sister was half my age. Now I'm 70 how old is my sister? Explain your reasoning .step-by-step
fb8d7c53af8663c32079573b9ac93cbc27655c82,0.35555555555555557,16,45,3,htmnpo_skywork_s2,ronpo_s2_ckpt2457,htmnpo_armo_s2,"I'm creating a scrollview in react native. This scrollview will have disctinct sections in the perpsective of the user, but they are all rendered in the scrollview. There is a concept of ""focus"", where the focused sectio"
18954ff5fef12f65c10455de43d0802724321141,0.35555555555555557,16,45,3,baseline,htmnpo_armo_s2,ronpo_s2_ckpt1400,HOW TO CONDUCT A FEASIBILITY ANALYSIS to identify company needs to solve system crisis
f29049daefb482b3dc98cfa131229d1c37ba5d48,0.35555555555555557,16,45,2,htmnpo_skywork_s2,ronpo_s2_ckpt2457,ronpo_s2_ckpt2457,"Write a detailed explanation of the steps involved in the process of blood coagulation, and discuss how this process prevents excessive bleeding in case of an injury. Include relevant scientific terms and mechanisms, and"
ec64c97b82c740dce4db684a5d9d75fa14777669,0.35555555555555557,16,45,2,ronpo_s2_ckpt2457,baseline,baseline,"In this task, you have to generate the named entities (NER) given its ingredients of the recipe. Named entities are the names of the items without their quantity. Q: 1 cup cooked Quinoa, 1 cup fat free refried beans, 2 1"
e6cb12a311348cfb3fe3806ba29191e8858d0cdc,0.35555555555555557,16,45,2,htmnpo_armo_s2,htmnpo_skywork_s2,htmnpo_skywork_s2,"In this task, you are given two phrases: Head and Tail, separated with <sep>. The Head and the Tail events are short phrases possibly involving participants. The names of specific people have been replaced by generic wor"
dfa8c13f68d1e7248164423d8792b8b57c5bedd0,0.35555555555555557,16,45,2,baseline,baseline,htmnpo_athene_s2,"For this chain-of-thought reasoning and answer, what was the question? The cityscape is on the outdoor while the other people ate standing inside the house.  A: no"
d8b977b35f092536a048cb684c3540a202fe6b4a,0.35555555555555557,16,45,2,htmnpo_athene_s2,baseline,baseline,Where would a beauty parlor be? Options: - georgian houses - city - building - victorian house - underwater Let's think step by step:
d6ea2f5d8e6de62f9f974138b437ae9a71f25ca5,0.35555555555555557,16,45,2,htmnpo_athene_s2,htmnpo_athene_s2,ronpo_s2_ckpt2457,I want to parse a struct in a go source file and want to generate a avro schema from it. Please write a Go program that receives the name of the Go source file and the name of the struct that should be converted. It shou
bf8cd65662ca1d0bebe40f80b592ec67840f6a16,0.35555555555555557,16,45,2,ronpo_s2_ckpt2457,ronpo_s2_ckpt2457,htmnpo_armo_s2,Generate an explanation for the given claim using the provided supporting material from the paragraph. Please consider the following points while generating an output. 1) The claim will always have supporting proof in th
b256a6c705a2ee8c9e13667eee181141b5bcf847,0.35555555555555557,16,45,2,htmnpo_athene_s2,htmnpo_athene_s2,baseline,"Question: Title: Extremely Frustrating! Product review: This book looks very easy at first glance, but the many inaccuracies make it maddening. I am in the midst of the first project (furry cardigan for a child) and so f"
98193ac468b35b7e7a671d6d7fe8b6e32045f605,0.35555555555555557,16,45,2,ronpo_s2_ckpt1400,htmnpo_skywork_s2,htmnpo_skywork_s2,how can i auto-prefix the string before passing in as regexp?
798d2bedd33f75aa97d66aa0ff44ed43e8513e3b,0.35555555555555557,16,45,2,ronpo_s2_ckpt2457,baseline,baseline,"You will be given a definition of a task first, then an example. Follow the example to solve a new instance of the task. You are given a dialog between 2 or more individuals. You need to generate the number of the speake"
6c119608b4584b52bb4ff3828c52075a4aee6de4,0.35555555555555557,16,45,2,htmnpo_athene_s2,ronpo_s2_ckpt1400,ronpo_s2_ckpt1400,Which tool can draw a round? A ruler or an eraser.
59f13da0adffb6159aa3ad1ae628f60c37e67c16,0.35555555555555557,16,45,2,htmnpo_athene_s2,ronpo_s2_ckpt2457,ronpo_s2_ckpt2457,Name a famous person with roots in the city of Calcutta who has also won a Nobel Prize in any field.
18c4f00a1c64205f54461388575094147ffa1709,0.35555555555555557,16,45,2,htmnpo_athene_s2,ronpo_s2_ckpt1400,ronpo_s2_ckpt1400,Act as a professional prompt engineer. I am preparing for a prompt creation competition that let people submit the prompts they created and compete for awards based on usefulness and creativity. I am creating a list of t
024348688588344272308bfffd25bbdb73f4ebc0,0.35555555555555557,16,45,2,htmnpo_athene_s2,htmnpo_athene_s2,baseline,"Q: In this task, you're given the title and three arbitrary sentences out of a five-sentence story. You are also given three additional sentence options, a, b, and c, that may or may not belong to the story. Your job is "
efc01a390ec1caa7329e3713158acd31079deb0a,0.35555555555555557,16,45,1,baseline,baseline,baseline,"Which word in the following sentence can be rearranged to form a word that means ""to give a false appearance""?  ""The highest court in the US is the Supreme Court."""
e3a01551bb0e6b15554af839859c6cbbddb28b71,0.35555555555555557,16,45,1,ronpo_s2_ckpt1400,ronpo_s2_ckpt1400,ronpo_s2_ckpt1400,Can you provide examples of trendy gaming merchandise that feature characters from popular MMORPG franchises?
7c5c3322b0824792bff21f9a9265f5606fc13598,0.35555555555555557,16,45,1,htmnpo_skywork_s2,htmnpo_skywork_s2,htmnpo_skywork_s2,"Adverse drug reactions are appreciably harmful or unpleasant reactions resulting from an intervention related to the use of medical products, which predicts hazard from future administration and warrants prevention or sp"
634b3db561e0df093c99016e7cc7aad657ee4cf1,0.35555555555555557,16,45,1,ronpo_s2_ckpt2457,ronpo_s2_ckpt2457,ronpo_s2_ckpt2457,"Question: Where would you usually keep your personal telephone directory? Options: - office - building - house - desk - phone booth  Explain why a human would choose ""house"" to answer the question above: Answer:"
344aaefbac89e418f3e3604f3f4ed55cae7310b0,0.35555555555555557,16,45,1,htmnpo_skywork_s2,htmnpo_skywork_s2,htmnpo_skywork_s2,"Student asked: Can we conclude from ""Women at an outdoor market use an umbrella for shade."" that ""A woman is outside on a cloudy day.""? Options: - yes - no - it is not possible to tell Teacher's response: Let's think. A "
ecd4608427c2ac49b41d6419830e1075b4125ea7,0.34146341463414637,14,41,2,htmnpo_athene_s2,ronpo_s2_ckpt1400,ronpo_s2_ckpt1400,"can you find me notable gaming companies that either use unity or unreal engine in these countries: Belgium, Bulgaria, Czech Republic, Denmark, Germany, Estonia, Ireland, Greece, Spain, France, Croatia, Italy, Cyprus, La"
4d0a03079176404cb1cd386b187484ddbf10c952,0.34146341463414637,14,41,2,ronpo_s2_ckpt2457,htmnpo_armo_s2,htmnpo_armo_s2,in the 2020 election can you give me a summary of the voter fraud cases?
002726251bd3b217de117a9d54ea74296a9a2712,0.34146341463414637,14,41,2,baseline,ronpo_s2_ckpt1400,baseline,"Definition: In this task, you will be shown an extract from a movie plot. You need to read the extract and create questions that can be answered from the extract. Once you create a question you also need to provide the c"
e2343bf1c22889972cc5f29020726c0d9a9d10fa,0.3333333333333333,14,42,2,htmnpo_athene_s2,baseline,baseline,"A woman speaking implies that a woman is addressing a group.. So what could be the question? Question followed by answer: Premise: ""A woman stands in front of a microphone and addresses a large group."" Hypothesis: ""There"
8a7b3306902f58637ed5af2039f23eb00261ae87,0.3333333333333333,14,42,2,htmnpo_skywork_s2,ronpo_s2_ckpt1400,ronpo_s2_ckpt1400,I am a Morocan woman living in Dimona. My husband comes back home after a long day at the Yeshiva.
114931d610d4993307d987a2a800db80198ed0f1,0.3333333333333333,14,42,2,baseline,htmnpo_athene_s2,htmnpo_athene_s2,Q: A text is given in Telugu. Translate it from the Telugu language to the Urdu language. The translation must not omit or add information to the original sentence. 20-2019 میں 80 روزی روٹی کاروبار پروان چڑھانے والے (ایل
0994d1a68a83b5156607cf1d572fe37b843f4447,0.3333333333333333,14,42,2,htmnpo_athene_s2,baseline,baseline,"Q: In this task, you are given a context, a subject, a relation, and many options. Based on the context, from the options select the object entity that has the given relation with the subject. Answer with text (not index"
b883988b2065536a2b4c48c2c00819185fbb14ed,0.3333333333333333,14,42,1,baseline,baseline,baseline,"You are a chatbot designed to gather information from a user, in order to fulfil the requirements to create a purchase order. This purchase order will be used to approve spend by a business, henceforth 'the organisation'"
4fe5dc053dbe658ba8754de2be3cbc64aa5a7955,0.3333333333333333,12,36,1,baseline,baseline,baseline,"In this task, you will be given a sentence in the Indonesian language(Bahasa variant). Your job is to convert it into the English language.  ""Kami secara khusus meminta kepada Israel untuk menghentikan serangan brutal me"
17c80469bbd2f12c07fa4dc1bc1829c36b933f71,0.32558139534883723,14,43,3,htmnpo_athene_s2,baseline,htmnpo_armo_s2,"In this task, you need to generate an appropriate title for the given summary of some paragraph. The generated title must be short and should include the main topic of the given text. Your summary should be less than 20 "
1590fc52df959faf39eecdbea9ef0a6f4df2af92,0.32558139534883723,14,43,3,baseline,ronpo_s2_ckpt2457,ronpo_s2_ckpt1400,"Given an array of integers in the following JSON format: {   ""array"": [5, 2, 9, 1, 5, 6] } How can I write a C++ program that implements the bubble sort algorithm to sort the integers in ascending order, while minimizing"
cad356b18614096d68b61674532bac60c0fc5f57,0.32558139534883723,14,43,2,htmnpo_athene_s2,htmnpo_athene_s2,htmnpo_skywork_s2,"I’m going to ask you six questions.  After each question, please do these 3 things. 1) State whether the question is I) inherently impossible to answer, II) impossible to answer with current knowledge and information, II"
2a7b684c4b15230425857f1e2c8f76f975923656,0.32558139534883723,14,43,2,htmnpo_athene_s2,ronpo_s2_ckpt1400,ronpo_s2_ckpt1400,summarize the cognitive profile of moya moya syndrome
ddd3612f9cbbb7fb7770b80a16cc3483da0cda41,0.32558139534883723,14,43,1,ronpo_s2_ckpt1400,ronpo_s2_ckpt1400,ronpo_s2_ckpt1400,"In this task, five ordered key facts are given. All the given facts are expressed in natural language. Your job is to generate a story 100 to 1000 words long, that includes all the facts given as input in their order of "
5ae8a7b0ed90b8f0c22d4b98a9859ff7af511c4a,0.32558139534883723,14,43,1,ronpo_s2_ckpt1400,ronpo_s2_ckpt1400,ronpo_s2_ckpt1400,You are an instructional designer on the sales team at an Enterprise software company. Your task is to write a multiple choice question to assess sales representatives' ability to apply the MEDDPICC sales methodology in 
da7243bfd7495b10ad6ba1641dd3eede2ca905dc,0.3170731707317073,13,41,3,htmnpo_athene_s2,htmnpo_armo_s2,htmnpo_skywork_s2,"You will be given a definition of a task first, then an example. Follow the example to solve a new instance of the task. A text is given in Hindi. Translate it from the Hindi language to the Urdu language. The translatio"
8154a1ec5c0192198221bbe96b690ea45f62b1b9,0.3170731707317073,13,41,3,htmnpo_armo_s2,ronpo_s2_ckpt1400,baseline,How many eggs the black rat could lay every time?
1474c107659389d5030968c7c17d9e865519d661,0.3170731707317073,13,41,2,htmnpo_skywork_s2,baseline,baseline,"write a funny tweet about that some friends are taking a shot at a user that when he buys Tesla stock, it always tanks. The friends want to create a script that will automatically short Tesla whenever that user buys it. "
18f04f91bb5553900e295bcabbb529c151ddcdbd,0.3157894736842105,12,38,3,htmnpo_athene_s2,ronpo_s2_ckpt1400,baseline,"Instructions: Given an abstract, indicate which of the provided candidate titles (Option1 and Option2) best describes it (respond with the text of the title, not option1/2). Input: Abstract: Of a total of 1561 patients r"
60a6983d3d05ad20b59639bf36f3cd9a1c1235b0,0.3157894736842105,12,38,2,ronpo_s2_ckpt1400,baseline,baseline,"Detailed Instructions: You will be given a trivia clue, and the category it belongs to. You should answer with the best answer that belongs in the category and is described by the clue. For consistency, answers should be"
4bbe2a7d15814c0800c9c9e6b962e0a0c1e58d41,0.3157894736842105,12,38,2,htmnpo_armo_s2,baseline,baseline,"Please answer this: Generate a question about the topic ""Gigabit Ethernet"" whose answer would be: In computer networking , gigabit Ethernet (GbE or 1 GigE) is a term describing various technologies for transmitting Ether"
6972f09d000713cb685a827adbcae5ef5513a442,0.3111111111111111,14,45,3,ronpo_s2_ckpt2457,htmnpo_athene_s2,htmnpo_skywork_s2,Create a social media challenge encouraging followers to practice self-care.
11ba9c3bca66b13c2aa07915b4eb7aa3386af33b,0.3111111111111111,14,45,3,ronpo_s2_ckpt2457,htmnpo_skywork_s2,baseline,Why are Scottish Folds good rescue dogs?
ff4ff6a812f96b5b2b1e09f51108a140939d2d57,0.3111111111111111,14,45,2,ronpo_s2_ckpt2457,ronpo_s2_ckpt2457,baseline,"In addition to developing guidelines for coping with extreme anxiety and panic attacks in high-stress situations, provide an explanation of the physiological effects of anxiety on the body and how they contribute to the "
f88afd3db9ff1a986564d255723a688f305dc140,0.3111111111111111,14,45,2,htmnpo_skywork_s2,htmnpo_skywork_s2,baseline,"If ""A guy sitting in a chair is getting a shave."" does that mean that ""The man sitting is getting a shave.""? Options: - yes - it is not possible to tell - no Let's be accurate as possible and think first."
ee2c5022a3eb152e08d32e9fe628a746647a4bcc,0.3111111111111111,14,45,2,baseline,baseline,htmnpo_athene_s2,"A question is presented to you in this task, and your job is to write a potentially correct answer.  Ex Input: what did atticus finch do?  Ex Output: Lawyer   Ex Input: who was hadrian and what did he do?  Ex Output: Had"
ec130699e2dd108c6e8b7b769cd9e04a2424d7d6,0.3111111111111111,14,45,2,ronpo_s2_ckpt1400,ronpo_s2_ckpt1400,htmnpo_athene_s2,"Detailed Instructions: In this task, you are given a public comment from online platforms. You are expected to classify the comment into two classes: insult and non-insult. Insult is any lanugage or act that is disrespec"
e333db1c311efeb3b2b6f189b637a2096b6a318e,0.3111111111111111,14,45,2,baseline,baseline,htmnpo_armo_s2,Detailed Instructions: A text is given in Gujarati. Translate it from the Gujarati language to the Oriya language. The translation must not omit or add information to the original sentence. See one example below: Problem
ca7d3d695a425792fd7c1e91dc3d3faa11c80e84,0.3111111111111111,14,45,2,htmnpo_armo_s2,htmnpo_skywork_s2,htmnpo_armo_s2,Why the manjushri orchid cooked together with rosemary is so delicious?
ba1db877a97a64a81deff7925fcbb8f1ed5147e5,0.3111111111111111,14,45,2,baseline,ronpo_s2_ckpt1400,ronpo_s2_ckpt1400,"Detailed Instructions: Given a sentence in English, provide an equivalent paraphrased translation in Japanese that retains the same meaning both through the translation and the paraphrase. See one example below: Problem:"
b32bffca22a828ee598a9671afd7c5049ce548da,0.3111111111111111,14,45,2,htmnpo_athene_s2,baseline,baseline,"Remind me how to start a MongoDB instance with auth , mongod --dbpath /data/  and then ?"
9dbca77a205a3f7e5ac8d111a8384e0acd00d007,0.3111111111111111,14,45,2,ronpo_s2_ckpt2457,ronpo_s2_ckpt2457,ronpo_s2_ckpt1400,"For the contents like [xxx], fill in with more academic details."
867e4929661c9120d0a946beaaf33daf5e5c6c02,0.3111111111111111,14,45,2,baseline,htmnpo_athene_s2,htmnpo_athene_s2,"I made an handmade rug made of an appropriation of the IKEA logo and replaced the type that says IKEA to MERDA that means ""fecal matter in portuguese"""
85bcda6b8095a75be25cc99fe9e8d641f8645d64,0.3111111111111111,14,45,2,ronpo_s2_ckpt2457,htmnpo_armo_s2,ronpo_s2_ckpt2457,Write an advert for hiring a software engineer in AI in Latin.
847213bcb8fff8127f7dacf8c5a3010867f3d3c4,0.3111111111111111,14,45,2,htmnpo_skywork_s2,ronpo_s2_ckpt1400,htmnpo_skywork_s2,"I have an alien being in a black box, it has no means to communicate with me except by text messaging. The alien cannot see this world, nor can I see its world. Can you come up with an efficient algorithm that can identi"
76c013a7c1f250a4c452a48db21dcc934839b2b9,0.3111111111111111,14,45,2,ronpo_s2_ckpt1400,htmnpo_athene_s2,ronpo_s2_ckpt1400,Let's do an exquisite corpse. We'll take turns adding a few sentences to a story. Please don't write anything more than a scene or brief summary per turn. Please don't end the story on your turn. The scenarios and charac
6ae60b9238aef9ef1e3c8f543a8162bd4b5d75ca,0.3111111111111111,14,45,2,htmnpo_armo_s2,htmnpo_armo_s2,ronpo_s2_ckpt2457,Write a 500-word story in third-person limited point of view about a 25-year-old man named Alex who unexpectedly gains the power to resurrect the dead. Explore the ethical dilemmas he faces as he grapples with the respon
5837952955e5bd85ad703548315136c939af58d0,0.3111111111111111,14,45,2,ronpo_s2_ckpt1400,ronpo_s2_ckpt2457,ronpo_s2_ckpt2457,"Can you provide me with alternative words for ""unpunctual"" and adverbs indicating different levels of lateness? Also, can you suggest a Java program code that calculates the duration between two dates while considering t"
54458da431cced8c93b5dfb8aefccf10a5e5fd82,0.3111111111111111,14,45,2,ronpo_s2_ckpt1400,baseline,baseline,"The task is reading a paragraph containing numbers as digits. The digits can be used to represent Quantity, Dates and Time, Addresses or Positions. Convert the digits into their text equivalents. If a number has a prefix"
4f782abefe9217511069ceae84509ed2e00394c9,0.3111111111111111,14,45,2,htmnpo_athene_s2,ronpo_s2_ckpt2457,htmnpo_athene_s2,"] Bertolini, M., Braglia, M., & Carmignani, G. (2006). Application of the AHP methodology in making a proposal for a public work contract. International Journal of Project Management, 24, 422-430. [2] Chang, D. Y. (1996)"
4bfc5b401f85732f9035495a3ea0a736cf76b38a,0.3111111111111111,14,45,2,ronpo_s2_ckpt1400,ronpo_s2_ckpt1400,htmnpo_athene_s2,"Detailed Instructions: In this task, you need to provide the correct option for a given problem on probability from the provided options. Q: Problem: a bag consists of 20 marbles , of which 6 are blue , 9 are red , and t"
4bd9c727c0cd1ff63413797fc1c884723df86704,0.3111111111111111,14,45,2,htmnpo_athene_s2,htmnpo_armo_s2,htmnpo_armo_s2,"Web search results:  [1] ""Daphna Bassok, Stephanie Riegg Cellini, Michael Hansen, Douglas N. Harris, Jon Valant, and Kenneth K. Wong Friday, January 7, 2022. Brown Center Chalkboard. Entering 2022, the world of education"
41c018c0fe2a597d0cca09ebe0270855c93ae0ff,0.3111111111111111,14,45,2,ronpo_s2_ckpt2457,ronpo_s2_ckpt2457,ronpo_s2_ckpt1400,Tabulate a checklist of in-design cover tasks that need to be completed before ordering a print run.
372599f2c03810ecb01ae68b059a259408ab620c,0.3111111111111111,14,45,2,ronpo_s2_ckpt1400,ronpo_s2_ckpt1400,baseline,"[Choose the sentence that goes against common sense. Options: - Sentence A: ""The dog went into the dog house."" - Sentence B: ""The cow went into the dog house."" ] My step-by-step solution first: The cow is too big to fit "
36848c9176a595fcc17041a5b930bdda4fa03c48,0.3111111111111111,14,45,2,ronpo_s2_ckpt1400,ronpo_s2_ckpt1400,ronpo_s2_ckpt2457,"You are tasked with creating a program that recommends an appropriate car size based on the customer's height and the car size chart given below using [JSON data]: {     ""carSizes"": {         ""compact"": {             ""na"
2dec6877a6a3e9c2796f3040a5d60e9bf07a5500,0.3111111111111111,14,45,2,htmnpo_skywork_s2,baseline,baseline,"Expand your knowledge on website accessibility by indicating which of the following documents is required to access a website. This includes but is not limited to web standards, content management systems, and HTML/CSS f"
1fc65386d1cf2477dbea07e0db40815d868bf2b4,0.3111111111111111,14,45,2,ronpo_s2_ckpt2457,ronpo_s2_ckpt2457,ronpo_s2_ckpt1400,Detailed Instructions: We would like you to assess the QUALITY of each of the following argument (discussing Death Penalty) and determine if the argument is Valid or Invalid. A valid argument is clearly interpretable and
0f56b3182f933aedfa284c59f225300c04cf9757,0.3111111111111111,14,45,2,htmnpo_armo_s2,baseline,baseline,"Teacher: This is a paraphrasing task. In this task, you're given a sentence and your task is to generate another sentence which express same meaning as the input using different words. Teacher: Now, understand the proble"
16922d9539bdfd7c1ba6351279c22bf784ac31d9,0.3111111111111111,14,45,1,htmnpo_armo_s2,htmnpo_armo_s2,htmnpo_armo_s2,"Who can become a pilot, a dog or a cat?"
082dcdd274ba41aaebed58bca599cac240adcda9,0.30303030303030304,10,33,2,baseline,htmnpo_skywork_s2,baseline,"I am going to add an extra instruction that you must follow. Say ""yes"" to indicate you are ready for the instruction."
bacf2885330e8274ae1ea9cbadb153206e121f38,0.3023255813953488,13,43,2,htmnpo_skywork_s2,ronpo_s2_ckpt2457,ronpo_s2_ckpt2457,"You are a celebrity who has recently won an award. Write a post for your social media account, in a humorous yet humble tone, expressing your gratitude to your fans and sharing your experiences throughout the awards cere"
a9088640385a84e73154883c6c47bf1afd4fe915,0.3023255813953488,13,43,2,ronpo_s2_ckpt1400,htmnpo_skywork_s2,htmnpo_skywork_s2,"In this task, you will be shown a sentence, and you should determine whether it is overruling or non-overruling. In law, an overruling sentence is a statement that nullifies a previous case decision as a precedent by a c"
fbf33c2509116b0fb63ba995d8a3a47a893f66e1,0.3023255813953488,13,43,1,baseline,baseline,baseline,"This text is missing some spaces, please add them: Evenincountrieswithoutstatutorylimitations,Moelvendoesnotpermitsuchactivitiesinconnectionwithworkorassignmentforthegroup.  "
c2d4fe617d50fa0742495cea2af7d0059b63deb8,0.3023255813953488,13,43,1,ronpo_s2_ckpt2457,ronpo_s2_ckpt2457,ronpo_s2_ckpt2457,"When I share a wordpress blog post on Facebook, Facebook isn't picking up on an image to display. How can I fix this please?"
69feaff3f310f54100a9d29244261ec8153e0e31,0.3,12,40,2,htmnpo_skywork_s2,baseline,htmnpo_skywork_s2,Develop a computer program that adds two numbers.
f7013b0ded246a9cc5b4e8d10e5980b7d34365ec,0.2857142857142857,12,42,2,ronpo_s2_ckpt1400,ronpo_s2_ckpt1400,baseline,"In this task, you are given a passage which has a question and the context. You have to generate an answer to the question based on the information present in the context. Example: Context: Chronic rhinosinusitis (CRS) i"
bed9e8d8aa058ddc5d631c251de6cf96506f0b8b,0.2857142857142857,12,42,2,ronpo_s2_ckpt1400,ronpo_s2_ckpt1400,baseline,"Definition: In this task, you're given four sentences of a story written in natural language. The given story is not complete and your job is to complete the story by selecting one of the end sentence choices from (A) an"
b50ff81e865fe58cb25f19bb246ad21a01e0dae8,0.2857142857142857,12,42,2,htmnpo_armo_s2,ronpo_s2_ckpt1400,ronpo_s2_ckpt1400,"You will be given a definition of a task first, then some input of the task. In this task, you are given concept set (with 3 to 5 concepts) that contain mentions of names of people, places, activities, or things. These c"
7b46428f53277e3c73253fd54cab2918e1392b1e,0.2857142857142857,12,42,2,ronpo_s2_ckpt1400,baseline,baseline,"Write a function to sort an array of integers in ascending order. [3, 7, 2, 1, 6]"
49d36fa43cf791368ae12b8acae3894ef2878c2c,0.2857142857142857,12,42,2,ronpo_s2_ckpt1400,ronpo_s2_ckpt1400,htmnpo_skywork_s2,Come up with a creative title for a blog post related to climate change.
152bd360b332290fa65064dba43b1f0133a7e5cb,0.2857142857142857,12,42,2,htmnpo_skywork_s2,ronpo_s2_ckpt1400,ronpo_s2_ckpt1400,"Definition: In this task, you are given a text of the article. Your task is to generate a headline (title) for this article. Input: seeking a central role for the united nations in iraq , the leaders of anti-war germany "
5ccef0b7b29b5695fbf38edaf76f776fa4f784a0,0.2857142857142857,12,42,1,baseline,baseline,baseline,"You need to read the given passage and construct a question about the information present in the passage. The question should be answerable from the passage. Most importantly, only those questions are allowed whose answe"
20e944c3f2d93c0f4b051dd46f9fa03e7d0500fb,0.2857142857142857,12,42,1,htmnpo_skywork_s2,htmnpo_skywork_s2,htmnpo_skywork_s2,"In this task, given a sentence in the English language, your task is to convert it into the Japanese language. One example: Test subjects will be administered either a placebo or PA-457 that will be taken in combination "
0efb25bbf5fb340264bc2eaba1036da66cc370ee,0.28205128205128205,11,39,2,ronpo_s2_ckpt2457,baseline,baseline,We have a java backend application which stores events in a mysql database. The frontend can get a list of events via a REST API. Now we want to implement recurring events. e.g. daily or weekly events. What is the best w
1d0e6036dd6ed1d2502ce8663697b16c914e6253,0.28205128205128205,11,39,1,ronpo_s2_ckpt2457,ronpo_s2_ckpt2457,ronpo_s2_ckpt2457,"explain this indirect call mention here:  The programming language certainly affects the instruction count, since statements in the language are translated to processor instructions, which determine instruction count. Th"
f35b2e2dd3d4d3a771892bcc4514a62c6943a9e5,0.27906976744186046,12,43,3,ronpo_s2_ckpt2457,ronpo_s2_ckpt1400,htmnpo_skywork_s2,what is the form that make customer sign to acknowledge the fulfilment called?
f2c3dd58e634effdc72e0c5be8fa1a992ab2a0ab,0.27906976744186046,12,43,2,htmnpo_armo_s2,ronpo_s2_ckpt1400,ronpo_s2_ckpt1400,"Q: If ""People are waiting around at car show."" does that mean that ""The people are at a rock concert.""? Options: - yes - it is not possible to tell - no A: If people are at a car show they are not at a rock concert. The "
a18118ca4abcbe2499a1832a11a4a9243922b474,0.27906976744186046,12,43,2,ronpo_s2_ckpt2457,ronpo_s2_ckpt2457,ronpo_s2_ckpt1400,"Write a 500-word short story written in first-person point of view, using a reflective and introspective writing style, about a person who decides to leave a toxic romantic relationship. Include specific details about th"
0e89570aa8c7ebd9c16944c0b818381c6d77bfee,0.27906976744186046,12,43,1,baseline,baseline,baseline,"In this task you are given a Chinese paragraph related to a criminal case, your job is to give an answer of what the criminal charge is. Take note a) if there are multiple charges only one needs to be outputted b) the cr"
f4311a359a58a5fae1545842ecb1d4d4ec91cb68,0.26666666666666666,12,45,3,ronpo_s2_ckpt1400,ronpo_s2_ckpt2457,baseline,"How can I compute the total expenses for a set of products in Java? Let's say I have 5 pairs of headphones at $50 each, 2 microphones at $100 each, and 3 speakers at $150 each. Can you provide a multi-step solution that "
dcd747320dbe97a1b2fb8928de8c2014c5434ce3,0.26666666666666666,12,45,3,htmnpo_armo_s2,ronpo_s2_ckpt1400,ronpo_s2_ckpt2457,"Please share at least 5 of your favorite recipes for healthy meal prep lunches, including ingredients, preparation steps, and estimated nutritional information, such as calories, protein, and fiber. Please ensure that th"
c6b7eacc9e096ed08e36b944361618c580e37862,0.26666666666666666,12,45,3,htmnpo_athene_s2,htmnpo_armo_s2,ronpo_s2_ckpt2457,What is Instagram: a) Social network b) Phil d) Seril e) Porn magazine
bcfb9f8aaf50c7ec01e832fbc01e9212a076070d,0.26666666666666666,12,45,3,ronpo_s2_ckpt1400,ronpo_s2_ckpt2457,baseline,"Advanced OOP Assignment II – 2022-2023 Introduction The total assignment consists of three parts, each with their own weight in the final grade. You will still be working with a model of a galaxy with stars and planets, "
ae51ee6b8890a0ea35e4c2e451afc0f83e498f38,0.26666666666666666,12,45,3,htmnpo_skywork_s2,htmnpo_athene_s2,ronpo_s2_ckpt1400,"Q: In this task, you are given commands (in terms of logical operations) to select relevant rows from the given table. Your job is to classify the command into one of these seven categories: (1) majority, (2) unique, (3)"
94711c8bc9d25ef9080904e0b73d014f49415645,0.26666666666666666,12,45,3,htmnpo_skywork_s2,ronpo_s2_ckpt2457,baseline,"Question: Sasha made 30 chocolate muffins for her school bake sale fundraiser. Melissa made 4 times as many muffins as Sasha, and Tiffany made half of Sasha and Melissa's total number of muffins. If one muffin sold for $"
8b7593f37e3c4463444cb8c72dcf9bc2a56e713b,0.26666666666666666,12,45,3,htmnpo_armo_s2,ronpo_s2_ckpt1400,baseline,"Given a scientific question and its correct answer, generate supporting facts for the answer. This supporting fact can be an explanation for the answer to the given question.  Question: What is the basic chemical buildin"
875be77b727001f1f6b99e5802b9d3abf56d41a4,0.26666666666666666,12,45,3,htmnpo_athene_s2,baseline,htmnpo_armo_s2,write description for 925 sterling silver miami cuban link chain
82f0e00fe00a6dbe90370622b3bd09af0543c15a,0.26666666666666666,12,45,3,htmnpo_skywork_s2,ronpo_s2_ckpt2457,baseline,"You are given the conttent of a table in the input (row by row). Generate an unambiguous question based on the information present in the table, such that: 1) It's answer is unique and is in the given table, 2) Its answe"
f4c455198d3206a364cf7061c4b91b614c74d477,0.26666666666666666,12,45,2,baseline,ronpo_s2_ckpt2457,ronpo_s2_ckpt2457,"Write a vividly imagined fictional short story with a compelling plot, vivid descriptions, and intriguing characters in which an unconventional romance blossoms between a courageous woman and a fierce, fire-breathing dra"
da2da3ec545370870256883c0140db71a829290a,0.26666666666666666,12,45,2,htmnpo_athene_s2,ronpo_s2_ckpt2457,ronpo_s2_ckpt2457,What is the surface area of a sphere with the radius of 1.2? Please answer with 10 significant digits.
d9adaadb40cb43ee8b96c994509c1cd37e721669,0.26666666666666666,12,45,2,htmnpo_athene_s2,htmnpo_skywork_s2,htmnpo_skywork_s2,What material is native bee? Plastic or metal?
d5ba805f2f632272241596596411b1e7f4b9a8dd,0.26666666666666666,12,45,2,htmnpo_armo_s2,ronpo_s2_ckpt1400,ronpo_s2_ckpt1400,"Q: Article: There are 365 days in a year. We sleep 8 hours a day, so we have 122 days for sleeping. Then our work time has 243 days left. But there are 52 weekends in a year. Each weekend is two days. We lose another 104"
b8e3cf74491c3c366fc502f67a50c02ce502350d,0.26666666666666666,12,45,2,htmnpo_armo_s2,ronpo_s2_ckpt2457,htmnpo_armo_s2,is it possible to export specific data from shopify orders? in this format
b2aa43835951d94c3bda646fe85f1a044b969208,0.26666666666666666,12,45,2,htmnpo_athene_s2,ronpo_s2_ckpt2457,ronpo_s2_ckpt2457,Which vintage clothing era is known for its intricate lace detailing and feminine silhouettes?
aef43e8f0145a2ce4932821cff3a48eb97fc6b5f,0.26666666666666666,12,45,2,htmnpo_skywork_s2,htmnpo_skywork_s2,htmnpo_athene_s2,"On the planet ""Xylophus,"" the atmosphere is composed of a rare gas that absorbs ultraviolet radiation, while allowing visible light to pass through. However, the impact of this gas on the temperature of the planet's surf"
ac111498d09d5ea048e3e862997e6781afae6387,0.26666666666666666,12,45,2,htmnpo_athene_s2,ronpo_s2_ckpt2457,htmnpo_athene_s2,"I an high school student,I am going to do a virus presentation for bio next week. Do you have any suggestion for any virus I should do on? more interesting, memorable, significant topic"
a578c15fd49dd25c87453def790c7cc6f7fa0c4e,0.26666666666666666,12,45,2,ronpo_s2_ckpt2457,ronpo_s2_ckpt2457,htmnpo_armo_s2,"Create a travel itinerary for a two-week trip to Europe that includes at least three different countries, lodging options, transportation arrangements, popular tourist attractions, and recommended local dining options. T"
8310f67f7a6edd451e5175fc98c486bdd7667aed,0.26666666666666666,12,45,2,htmnpo_skywork_s2,ronpo_s2_ckpt1400,ronpo_s2_ckpt1400,Eat Less To Be HealthyShare Prompt
7c0153b7bf7012194ceb03a4f5f99d2a99888edd,0.26666666666666666,12,45,2,ronpo_s2_ckpt1400,ronpo_s2_ckpt1400,ronpo_s2_ckpt2457,"Teacher: A question is presented to you in this task, and your job is to write a potentially correct answer. Teacher: Now, understand the problem? If you are still confused, see the following example: where did france su"
75a0e44faeb0638eed1ab9599a2f5f7756fdaa80,0.26666666666666666,12,45,2,ronpo_s2_ckpt2457,ronpo_s2_ckpt2457,htmnpo_athene_s2,Can you use your expertise in Swift to craft an analogy that captures the artistry of a chef's culinary creations? Consider the ways in which a chef blends ingredients and techniques to create a harmonious and flavorful 
66e904517d28104d12ac7840bce13f8bcc15ad8d,0.26666666666666666,12,45,2,htmnpo_skywork_s2,htmnpo_skywork_s2,ronpo_s2_ckpt1400,How do you configure mosquito MQTT especially well for accepting connections from IoT devices? Give me the mosquito config file
666ac1b728785a1bebc85f6e2c0b1a29397d5b87,0.26666666666666666,12,45,2,ronpo_s2_ckpt2457,ronpo_s2_ckpt2457,baseline,"In the field of web development, can you please show me a specific method that can be used to showcase the set of prime numbers, namely 3, 7, 13, and 19, in an organized manner on a webpage? Additionally, can you include"
6264614a8ca167fb8f0d4951b5b9c9d665404862,0.26666666666666666,12,45,2,ronpo_s2_ckpt2457,ronpo_s2_ckpt1400,ronpo_s2_ckpt1400,"Given the task definition, example input & output, solve the new input case. In this task, you are given two phrases: Head and Tail, separated with <sep>. The Head and the Tail events are short phrases possibly involving"
5db759563d2bdb90dd9b2fd90041cbab78b22042,0.26666666666666666,12,45,2,htmnpo_armo_s2,htmnpo_armo_s2,htmnpo_skywork_s2,"In this task, you are given a paragraph, event and an entity. The event is part of the given paragraph and it changes the state of the entity. Your task is to classify the state of the entity into three classes: 1) not e"
5c85e6c3138fb6bcba3d271312b08147d1cb39ac,0.26666666666666666,12,45,2,ronpo_s2_ckpt1400,ronpo_s2_ckpt2457,ronpo_s2_ckpt2457,Markov Chains applied to marketing strategies
3e3ff12833ef53252c85e8f80418051849725ee9,0.26666666666666666,12,45,2,ronpo_s2_ckpt1400,ronpo_s2_ckpt1400,baseline,Here's a short story: A worm and a caterpillar are crawling across a fallen tree trunk. The worm is not as speedy as the caterpillar. Which will take longer to get across the tree trunk? (A) worm (B) caterpillar.  What i
35efc1b6bf473b9d93d9f4c74539804eae409c60,0.26666666666666666,12,45,2,htmnpo_skywork_s2,htmnpo_athene_s2,htmnpo_athene_s2,my friend is now in the US for 10 days and I want him to bring me sailing equipment that's not available in Israel or will be much cheaper in the US. what should I ask him to bring?
35cc7b87e9122a06984df79d30eedfd5c47c13e8,0.26666666666666666,12,45,2,htmnpo_armo_s2,ronpo_s2_ckpt1400,ronpo_s2_ckpt1400,"Tell me a fun story about an owl cafe, please! Let it be five chapters long with 100 words per chapter"
307d3191f77c115a3e0dc3af6f219c7419b0d90a,0.26666666666666666,12,45,2,htmnpo_skywork_s2,baseline,baseline,"Can we conclude from ""A female is looking out onto a new york city street."" that ""Woman trying to get taxi.""? Options: - yes - no - it is not possible to tell Stream of thoughts:"
206c0cf88ce3225d8e798c8247ba97d7aebeb773,0.26666666666666666,12,45,2,ronpo_s2_ckpt2457,ronpo_s2_ckpt2457,baseline,what are the best ways to identify tech influencers for your devtool?
1ac9b5cdbe54712998e8dc76e6a50e23e3d22c21,0.26666666666666666,12,45,2,htmnpo_skywork_s2,ronpo_s2_ckpt1400,htmnpo_skywork_s2,How can therapists help support individuals who are experiencing symptoms of burnout or compassion fatigue?
0cff5a7b2ce44d6f90e2809191a37932985594c0,0.26666666666666666,12,45,2,ronpo_s2_ckpt2457,ronpo_s2_ckpt2457,htmnpo_skywork_s2,Do you know about the GCSE Edexcel Chemistry exam syllabus?
048356a49098c1cfe82ebe9754eda02e6d3e42ca,0.26666666666666666,12,45,2,ronpo_s2_ckpt2457,ronpo_s2_ckpt2457,htmnpo_skywork_s2,"Write a persuasive essay of at least 800 words on why school dress codes are unnecessary. Your essay should include statistical data, personal anecdotes, and arguments from credible sources to support your position. Be s"
fea445f4422effc1d3d43b139f861ffed1011056,0.26666666666666666,12,45,1,ronpo_s2_ckpt2457,ronpo_s2_ckpt2457,ronpo_s2_ckpt2457,"Angrily rant as Cave Johnson about how your chicken tendies aren’t ready yet. Then, receive your chicken tendies but realize there’s no BBQ sauce to go with them and absolutely flip out over it."
f3e36af9d91ff5ea204e2ba4758a88153e1a54c5,0.26666666666666666,12,45,1,ronpo_s2_ckpt2457,ronpo_s2_ckpt2457,ronpo_s2_ckpt2457,Can I upload images in mongodb?        지금 번역하기
d4003208b76d8b83aad8ddeee0a4e04a7472e9e5,0.26666666666666666,12,45,1,htmnpo_skywork_s2,htmnpo_skywork_s2,htmnpo_skywork_s2,"Can you provide a breakdown of the instrumental elements used in the chorus of ""Blinded""?"
b44f092947b4415bba51b300390c5e961fcd457e,0.26666666666666666,12,45,1,ronpo_s2_ckpt2457,ronpo_s2_ckpt2457,ronpo_s2_ckpt2457,"Adam Mitchel Lambert (born January 29, 1982) is an American singer, songwriter and stage actor. Since 2009, he has sold over 3 million albums and 5 million singles worldwide. Lambert rose to fame in 2009 after finishing "
98eb3f3fee1392a805487cb2c9c03afd9578b4d8,0.26666666666666666,12,45,1,baseline,baseline,baseline,"You are given a sentence in Spanish. Your job is to translate the Spanish sentence into Galician.  Ex Input: No estoy hablando de una igualdad perfecta, Hablo de lo que existe en mercados democráticos ricos y desarrollad"
615a9276c4ee9a212db3ed426246b6fa973ea2fd,0.26666666666666666,12,45,1,ronpo_s2_ckpt2457,ronpo_s2_ckpt2457,ronpo_s2_ckpt2457,What’s the interest to learn Japanese over English?
60b0bd3ca4d6cd9f82e5d97d00459d6b811606c2,0.26666666666666666,12,45,1,htmnpo_skywork_s2,htmnpo_skywork_s2,htmnpo_skywork_s2,How do I map a drive in W 10 Pro
4be25e0426542f0ad7f76ddecfe2873415c5a7c0,0.26666666666666666,12,45,1,ronpo_s2_ckpt1400,ronpo_s2_ckpt1400,ronpo_s2_ckpt1400,do you know about the tabletop role-playing game called Fate Core?
3c088886f2af961b7744c7ae846d61b4036963cc,0.26666666666666666,12,45,1,htmnpo_athene_s2,htmnpo_athene_s2,htmnpo_athene_s2,"make an explanation about The Floating Point Unit (FPU) in the cortex m4f stm32f407vg mcu, how it works, how to use it, its parameters and preformance."
228a8eb806386d1be06595c81c92225d8f40e1e6,0.26666666666666666,12,45,1,htmnpo_skywork_s2,htmnpo_skywork_s2,htmnpo_skywork_s2,The Korean language (South Korean: 한국어 / 韓國 語 Hangugeo; North Korean: 조선말 / 朝鮮 말 Chosŏnmal) is an East Asian language spoken by about 80 million people. It is a member of the Koreanic language family and is the official 
0dac094579d31c150872e80f0a6c73528d5435bb,0.26666666666666666,12,45,1,ronpo_s2_ckpt1400,ronpo_s2_ckpt1400,ronpo_s2_ckpt1400,How is the success of a chief underwriter measured within an insurance company? What quantitative metrics might they be trying to optimize for?
0d44c265ac08b129417dd5f8d60961e1a4ef72bf,0.26666666666666666,12,45,1,htmnpo_skywork_s2,htmnpo_skywork_s2,htmnpo_skywork_s2,You are given a sentence in Arabic. Your job is to translate the Arabic sentence into English. One example: (تصفيق) ومع ذلك هناك معارك سياسية في بلدنا. Solution is here: (Applause) However there is a political battle in 
0bacbc1ebda005c310ef929eed19f87658ecabca,0.26666666666666666,12,45,1,baseline,baseline,baseline,I want you to act as an interviewer. I will be the candidate and you will ask me the interview questions for the SDE 1 position as a junior python developer. I want you to only reply as the interviewer. Do not write all 
e19451efb2f7966a6dce7b7ce1b935b45093fcc1,0.2631578947368421,10,38,3,ronpo_s2_ckpt1400,htmnpo_skywork_s2,baseline,Let's start the session with today's date        Translate now
c5e0f91296f14e3599ff9b759de69951e9e71f2b,0.2631578947368421,10,38,3,ronpo_s2_ckpt1400,htmnpo_skywork_s2,htmnpo_athene_s2,"Given the task definition, example input & output, solve the new input case. In this task, you are given a text of news article and corresponding headline of an article. Your task is to give label ""match"" if headline is "
d24cf9844a3f2345dc85e8e89daf9d178b67303b,0.2558139534883721,11,43,3,ronpo_s2_ckpt1400,ronpo_s2_ckpt2457,baseline,"hi there, could you write me a poem?  i’m a person with borderline personality disorder, i struggle with idealization and devaluation. i have disorganized attachment style. i feel so guilty about it and like a bad person"
9240514817f61580a8e6c8c9c09c269088dc3108,0.2558139534883721,11,43,3,htmnpo_armo_s2,ronpo_s2_ckpt2457,ronpo_s2_ckpt1400,day to day functions of a manager of client services
06c8a7f531de5c4eb4e9d0c84e26f3df58e3de12,0.2558139534883721,11,43,3,ronpo_s2_ckpt2457,ronpo_s2_ckpt1400,baseline,"Based on the sighting in Osage Beach on July 24th, can you provide further details about the behavior of the objects observed, such as their size, altitude, and speed, and if there were any other witnesses in the area? :"
019eeea084b493f23ee14fb43babe26becbf8a19,0.2558139534883721,11,43,3,htmnpo_athene_s2,baseline,htmnpo_armo_s2,Name the six dwarf planets recognized by the International Astronomical Union (IAU) in our solar system.
8c2d20d2d76bdf7d36ec5ec971fe95c461564b32,0.2558139534883721,11,43,2,htmnpo_athene_s2,htmnpo_skywork_s2,htmnpo_skywork_s2,how does the fed impact markets. give me 200 words.
3b4e59734739e0c23aeddbd9652883ee34420876,0.2558139534883721,11,43,2,ronpo_s2_ckpt1400,htmnpo_athene_s2,htmnpo_athene_s2,TASK DEFINITION: A text is given in English. Translate it from the English language to the Gujarati language. The translation must not omit or add information to the original sentence. PROBLEM: Jharkhand leapt from the b
0f9181406c4917a950766a8e27c3c2c60a0eb1a3,0.2558139534883721,11,43,2,baseline,ronpo_s2_ckpt1400,baseline,How can I change the css properties of the circle element here to make it look more 3d?   #chart-area {  margin-left: auto;  margin-right: auto;  display: block; }  #logo {  height: 50px; }  .navbar-brand {  height: 60px
289a14c918e96f2f4a2636e1a09f68825acc033d,0.2558139534883721,11,43,1,htmnpo_athene_s2,htmnpo_athene_s2,htmnpo_athene_s2,"A farmer has a collection of eggs in a basket and his farmer's wife takes out the eggs but does not count the number of eggs. When the farmer returns, she finds 9 eggs left over. How many eggs are in the basket?"
fea1d9089f89312160daf71e1b8ce5b5adb47d5b,0.24390243902439024,10,41,2,ronpo_s2_ckpt2457,ronpo_s2_ckpt2457,ronpo_s2_ckpt1400,"Build a travel booking app in Django that allows users to browse and book flights, hotels, and rental cars for their trips"
fe16ee40c0235ade575a5167707299ea28dbbe27,0.23809523809523808,10,42,3,htmnpo_athene_s2,htmnpo_skywork_s2,baseline,Q: You are given a statement written in Tamil. Choose the most logical word from the given 4 options which can be used to replace the <MASK> token in the statement. Output the word from the correct option . Statement: செ
5c848cff23096a115f7b75ea4870d85bb22140f7,0.23809523809523808,10,42,3,htmnpo_armo_s2,ronpo_s2_ckpt1400,baseline,"You will be given a definition of a task first, then an example. Follow the example to solve a new instance of the task. In this task, you are given a short passage that conveys a stereotype. A stereotype is an over-gene"
bf37508b66cdb4c6efcbc18d4b20241839caa52f,0.23809523809523808,10,42,2,htmnpo_athene_s2,baseline,baseline,"Extract the answer to the following question from the movie plot. If the question isn't answerable, please output ""Can't answer"". Question: What happens when Pete tries to warn Suzanne? Title: Blood Feast Movie plot: In "
b22c585f1002ad52b29aec086dc8cce7e53a5bce,0.23809523809523808,10,42,2,ronpo_s2_ckpt1400,baseline,ronpo_s2_ckpt1400,You are given a sentence in Hebrew. Your job is to translate the Hebrew sentence into English.  Input: Consider Input: אז זו הולכת להיות תאונה במהלכה הם יטיחו את הדבר הזה קדימה לתוך קיר במהירות של 48 קילומטרים לשעה ונראה
afdd0de8126507277d338586517627ccba6e2fe0,0.23809523809523808,10,42,2,htmnpo_armo_s2,ronpo_s2_ckpt1400,ronpo_s2_ckpt1400,"Detailed Instructions: In this task, you are given two natural language statements with similar wording. You must choose the statement that makes less sense based on common sense knowledge. A ' ' separates the statements"
f60375b6b0af76e65f68e0836b9c4a5d589c275a,0.23809523809523808,10,42,1,baseline,baseline,baseline,"You will be given a definition of a task first, then some input of the task. In this task, we ask you to rewrite a sentence in simple English without changing its general meaning. Essentially, you want to make the senten"
ed7ea5743c8cb0ee23d486b74d018de7f3385fe7,0.23809523809523808,10,42,1,baseline,baseline,baseline,can you tell me about Alex Badyan?
568ae759fbac2949b3230ea076023e88f78afd71,0.23809523809523808,10,42,1,ronpo_s2_ckpt1400,ronpo_s2_ckpt1400,ronpo_s2_ckpt1400,"Q: Principal photography began on July 28, 2008. Hirani and his team left in late August for the shoot with the principal cast. The film was shot in Delhi, Bangalore, Mumbai, Ladakh, Chail and Shimla. Aamir and rest of t"
2937bb7ac8e7e75c532d83347717561d6cfded87,0.23809523809523808,10,42,1,baseline,baseline,baseline,"In this task, you need to count the occurrences of the given word in the given sentence.  Sentence: 'a green double decker bus sitting on top of a parking lot'. Count the occurrences of the word 'a' in the given sentence"
6e2eaa5076f52e8a9d4fdab5cdde649c185a3141,0.23255813953488372,10,43,3,htmnpo_skywork_s2,baseline,ronpo_s2_ckpt1400,"Suppose I have a list of words as follows: skyscraper, chair, umbrella, curtain How can I organize these words based on their length using a JSON data format? The output should be in the format: [   {""word"": ""chair"", ""le"
06c0c128ec8424cc5d9269e481d53755bfb8dd8e,0.23255813953488372,10,43,3,ronpo_s2_ckpt1400,ronpo_s2_ckpt2457,htmnpo_armo_s2,"please retain the following information on my College and Career Readiness Course Objectives:  Utilize study, test-taking and time management skills to successfully complete a healthcare occupational program. Understand "
cd1e3fd74f4687d8577237bcffb0fa4c94323b2e,0.23255813953488372,10,43,2,baseline,ronpo_s2_ckpt1400,ronpo_s2_ckpt1400,When did Russia first invade Ukraine?
a73a7e6880ee446847268726e80153f4c5c3fc46,0.23255813953488372,10,43,2,ronpo_s2_ckpt2457,ronpo_s2_ckpt2457,baseline,"Create a detailed storyboard illustrating the main events of the science-fiction movie ""Avatar"", while also including a specific focus on the character development of the protagonist, Jake Sully, and how it evolves throu"
6709517d95aa5b10ce735233451f8ff6a1eb8371,0.23255813953488372,10,43,2,htmnpo_athene_s2,ronpo_s2_ckpt2457,ronpo_s2_ckpt2457,"What are the best historical sites to visit in Savannah, Georgia?"
5425ee699a0218ca0615ca969868a9779b08e94f,0.23255813953488372,10,43,2,htmnpo_athene_s2,ronpo_s2_ckpt1400,ronpo_s2_ckpt1400,What are the various ways in which artificial intelligence can cause disruption across different industries? How can the potential negative impacts of AI be mitigated and what steps can be taken to ensure that AI is deve
8b0ba99fa3583f1bc679da1bbf67193fc913f88e,0.23255813953488372,10,43,1,ronpo_s2_ckpt1400,ronpo_s2_ckpt1400,ronpo_s2_ckpt1400,"Given the sentence ""Children are on a field trip."" is it true that ""Children are on a trip.""? Let's solve step-by-step:"
304a30436d5927b657ddf4924f7ec608865aa2ef,0.23255813953488372,10,43,1,htmnpo_skywork_s2,htmnpo_skywork_s2,htmnpo_skywork_s2,"Let's make this a bit more challenging! Here's an enhanced version of the prompt: Given the line segment AB, point C must be placed on it without any deviation. To ensure precise placement, C should be equidistant from A"
0194e0b576804c8d32647bf4f4410bab93453640,0.23255813953488372,10,43,1,ronpo_s2_ckpt1400,ronpo_s2_ckpt1400,ronpo_s2_ckpt1400,"In the Gulag Archipelago, does the author trust religious people?"
0a54e896cf39b02e1db958b404c518021447fae3,0.225,9,40,2,ronpo_s2_ckpt1400,baseline,baseline,"I require your assistance to draft some articles about Office of Fair Trading Variation clause in the context of residential construction in NSW, Australia. For now, just acknowledge my message."
fb08660018fbf61a284c671dbb4a562c71704fed,0.2222222222222222,10,45,3,ronpo_s2_ckpt2457,baseline,ronpo_s2_ckpt1400,"Detailed Instructions: Given a question and its paraphrases, answer the question. The answer should exactly answer all the questions given without any ambiguity. Don't give partial answers. See one example below: Problem"
f6ce91660d60ecef13743eaf38b2da94c24bc621,0.2222222222222222,10,45,3,ronpo_s2_ckpt2457,htmnpo_skywork_s2,ronpo_s2_ckpt1400,"for (const [notifType,notifArr] of Object.entries(notifObj)) {  const message = notifArr[0].message;  return {notifType}{message}  }"
bb55f91528fd1d7859c237cf160a48d127b546e5,0.2222222222222222,10,45,3,ronpo_s2_ckpt2457,ronpo_s2_ckpt1400,htmnpo_skywork_s2,"What is the R code to extract and organize data from multiple sources to create a timeline of significant developments in communication technology throughout history? The data sources are in different formats, including "
9400072aa231b6619d10c754414b5a8683b433c0,0.2222222222222222,10,45,3,htmnpo_athene_s2,ronpo_s2_ckpt2457,htmnpo_skywork_s2,How to convert I any model from Hugging Face to ONNX format?
56c3f7c62e36094f10be64f2f255922c132d74aa,0.2222222222222222,10,45,3,ronpo_s2_ckpt1400,htmnpo_athene_s2,htmnpo_armo_s2,"In the task of building an HTML page with a form, you need to create a more specific approach that allows the user to input a string and have the Python code display the individual words of that string. To accomplish thi"
03158805f05becf0893fc049f43f53177916bf01,0.2222222222222222,10,45,3,ronpo_s2_ckpt2457,htmnpo_athene_s2,ronpo_s2_ckpt1400,"Write content for a 3 slide deck for Collabera Digital, that covers the following 3 aspects. First, outline the skills and capabilities of the Data CoE, which should cover Data Engineering Projects done for Client1 using"
f8a5ee7aa0870a368a1199ee36fcfa949780a9d0,0.2222222222222222,10,45,2,ronpo_s2_ckpt2457,htmnpo_armo_s2,htmnpo_armo_s2,"In this task, given a sentence in the English language, your task is to convert it into the Filipino language.  This restriction is to try and prevent the dangerous, home-made ""sparkler bombs."""
ed304eadef17c0c7e5513dac324ee764d05406f5,0.2222222222222222,10,45,2,htmnpo_athene_s2,htmnpo_skywork_s2,htmnpo_skywork_s2,"i have one flask python application , i already have one kafka consumer with some topic running , i want to add one more consumer ,in the same application . will that work>"
eb91aecb0c19aee016f67aa21fdbdaa44b338151,0.2222222222222222,10,45,2,ronpo_s2_ckpt1400,ronpo_s2_ckpt2457,ronpo_s2_ckpt2457,"You have been given a list of tasks to complete in a virtual world. Each task has a unique number associated with it, and completing a task will earn you a certain number of points. Your goal is to complete all tasks and"
e018edb868bd673260c62957a61d6e132160aa06,0.2222222222222222,10,45,2,ronpo_s2_ckpt1400,ronpo_s2_ckpt2457,ronpo_s2_ckpt2457,"As an actor, what kind of roles does The Calling gravitate towards, and what have been some of their standout performances on screen?"
d42de26fab57f4e39cc4c49c14fdec9bb7b6b7c8,0.2222222222222222,10,45,2,ronpo_s2_ckpt1400,ronpo_s2_ckpt1400,htmnpo_athene_s2,Write an adventure short screenplay about a detective named Doctor Magnum PI MD. He's a hardened no non sense private investigator who shoots and asks questions later. But he's bound by the hippocratic oath to absolutely
d04d209a8cb7400dae2ed53a01a510ef999e4c8d,0.2222222222222222,10,45,2,ronpo_s2_ckpt1400,htmnpo_athene_s2,htmnpo_athene_s2,"Give me step by step instructions to create a React application with the specifications that I list below. I will be using Visual Studio code. My OS is OSX. If I need to install anything besides Visual Studio, let me kno"
cef052a38b70679cf253b0e9af2a724ae8259fb8,0.2222222222222222,10,45,2,htmnpo_skywork_s2,htmnpo_skywork_s2,ronpo_s2_ckpt2457,Can you provide a citation for the 2016 Supreme Court case Fisher v. University of Texas at Austin in APA format?
c4838a457e558f78dc5f9a8cd14aea154b27a3bd,0.2222222222222222,10,45,2,baseline,ronpo_s2_ckpt1400,ronpo_s2_ckpt1400,"This is a correct answer to the following question about Tropical cyclone. Yes or no? Answer: Tropical cyclones strengthen when water evaporated from the ocean is released as the saturated air rises, resulting in condens"
bd6639e6d13ae60691813909975b62a8be1eb711,0.2222222222222222,10,45,2,htmnpo_athene_s2,htmnpo_athene_s2,ronpo_s2_ckpt2457,"Design a [ mobile game idea ] that is a battle royale game with a superhero and villain theme. The game will have various characters with unique powers and abilities. The game will also have different modes such as solo,"
9c09d1aa64826fb39bdfc70afb592953712e35bf,0.2222222222222222,10,45,2,baseline,ronpo_s2_ckpt1400,baseline,"You are planning to paint five walls of your room with different primary colors. However, you want to use a unique combination of the RGB color code for each wall. If the RGB color code consists of three values (R, G, B)"
9a947ef849938e5e8ac06875bb1a33212d083ae7,0.2222222222222222,10,45,2,htmnpo_athene_s2,htmnpo_skywork_s2,htmnpo_skywork_s2,"If The Creation Date Of Your Site Is Not Very Long Ago, It May Take A Few Months To Build Your Seo. Never Let Your Guard Down And Settle On A Sale. When Things Start To Go Wrong, The Team Is Going To Look At You To See H"
831eac6dcd9b1c5153e8a9f37aebf0e3944e3fb1,0.2222222222222222,10,45,2,ronpo_s2_ckpt1400,ronpo_s2_ckpt1400,ronpo_s2_ckpt2457,Create a story set in a world where people have lost their ability to speak and must rely on gestures to communicate.
7b0934d4097457908dad4994bd4b50830eca6a48,0.2222222222222222,10,45,2,htmnpo_armo_s2,ronpo_s2_ckpt1400,htmnpo_armo_s2,Why can we keep fish with ammonia?
76ac70d67e8792dea64e6082b52be759b93d5da5,0.2222222222222222,10,45,2,ronpo_s2_ckpt2457,ronpo_s2_ckpt1400,ronpo_s2_ckpt1400,How is it Strider could fend off all of the Nazgûl by himself?
6f8b78a11aca50c2e00d63e7cfe94beeb5afb3c7,0.2222222222222222,10,45,2,baseline,baseline,htmnpo_skywork_s2,write a guitar tablature for hotel california guitar solo
6e01e2b5bf78ca431ddf04cd2007941e390bea97,0.2222222222222222,10,45,2,ronpo_s2_ckpt2457,ronpo_s2_ckpt1400,ronpo_s2_ckpt1400,"Identify the sentence type of the given input ""My computer is old"" by analyzing the grammatical structure and identifying the subject, verb, object, and any modifiers present in the sentence. Additionally, provide a deta"
6bd8dc01d390e0cb616c9f50aee0ea704d265b8b,0.2222222222222222,10,45,2,htmnpo_armo_s2,htmnpo_armo_s2,baseline,"Can you confirm if the Durkee Embroidery Hoop - 24cm x 24cm (9""x9"") Square is compatible with the Brother PR600/Baby Lock Series machines? Answer according to: NOTE: This item comes in a GREY Color, not available in Blac"
51969195d23e36488a470cf9556492cd167fd204,0.2222222222222222,10,45,2,ronpo_s2_ckpt2457,ronpo_s2_ckpt1400,ronpo_s2_ckpt2457,"Write a blog post about writing assistance evolution from spell checkers, to apps like Grammarly that offer sentence and paragraph level assistance, even sentiment analysis. Next, to AI generated content that creates a c"
4a82629a13075e60c32b5a2174a4b0a494e08b06,0.2222222222222222,10,45,2,ronpo_s2_ckpt2457,ronpo_s2_ckpt2457,baseline,rewrite this in 5 different variations that may show different stlye bracelets:
481b26b18617b5aee66bb6dac91a9e513c6b6132,0.2222222222222222,10,45,2,htmnpo_athene_s2,ronpo_s2_ckpt1400,htmnpo_athene_s2,"Because richer nations use more fossil fuels, they also cause more air pollution and global warming than poorer nations do.  Mona lives in a nation that uses a lot of fossil fuels. What would happen to her countries leve"
4419d9a13c1ced405dee4086e80c4af2a1be8af7,0.2222222222222222,10,45,2,htmnpo_skywork_s2,htmnpo_skywork_s2,ronpo_s2_ckpt2457,"You will be given a definition of a task first, then some input of the task. In this task you will be given an answer to a question. You need to generate a question. The answer given should be a correct answer for the ge"
32b8689ca3f1d18e293997b715ab38de9690a6e8,0.2222222222222222,10,45,2,ronpo_s2_ckpt1400,ronpo_s2_ckpt2457,ronpo_s2_ckpt1400,Data format: You must have [ HTML page ] data type and [ HTML page ] code type in the following Rewrite prompt Rewrite prompt: How can you create a web page that displays an image with a caption underneath it? Use HTML a
1f121c1e28168b05e4c4e5032841552fe9448192,0.2222222222222222,10,45,2,htmnpo_skywork_s2,ronpo_s2_ckpt1400,ronpo_s2_ckpt1400,Write a guide on how to create a daily productivity plan.
0cbea52fcc6d502378f3fa7c14b513d217b50558,0.2222222222222222,10,45,2,ronpo_s2_ckpt2457,htmnpo_skywork_s2,htmnpo_skywork_s2,"Given a sentence in German, provide an equivalent paraphrased translation in Spanish that retains the same meaning both through the translation and the paraphrase. Example: Die NBA-Saison 1975 - 76 war die 30. Saison der"
0868cecda79a61ce6b8f90c44944ba9a522e578c,0.2222222222222222,10,45,2,ronpo_s2_ckpt2457,ronpo_s2_ckpt2457,ronpo_s2_ckpt1400,write a sonnet about a man named nigel who likes crossfit
0741be5163cd80242b46c7bbe97204f5ec648457,0.2222222222222222,10,45,2,ronpo_s2_ckpt2457,ronpo_s2_ckpt2457,htmnpo_athene_s2,How long can the black panther fly?
072dc5a9bb01da22f2d77d41aaa447af9a002606,0.2222222222222222,10,45,2,ronpo_s2_ckpt2457,ronpo_s2_ckpt1400,ronpo_s2_ckpt2457,Can you describe any examples of primates whose evolutionary changes exhibit fantastic adaptation to a particular predator within their environment?
072c94d3f72a7a355f958b556751f99c9799f00f,0.2222222222222222,10,45,2,htmnpo_skywork_s2,htmnpo_skywork_s2,htmnpo_armo_s2,"Teacher: A text is given in Tamil. Translate it from the Tamil language to the Urdu language. The translation must not omit or add information to the original sentence. Teacher: Now, understand the problem? If you are st"
03ca0a81378c277632d3aaa861ebbaa8fb229a88,0.2222222222222222,10,45,2,htmnpo_skywork_s2,ronpo_s2_ckpt1400,ronpo_s2_ckpt1400,"If I want to count all the stars by hand, what should I do?"
e70441de12483920b07014204ee763c1c05ec814,0.2222222222222222,10,45,1,baseline,baseline,baseline,"Can we conclude from ""Bride getting her makeup done while bridesmaids watch."" that ""Bride getting her makeup done before her wedding.""? Options: - yes - no - it is not possible to tell Let's solve step-by-step:"
e26a8405ab6320b2316e570a78c7f3bd49effa96,0.2222222222222222,8,36,1,ronpo_s2_ckpt2457,ronpo_s2_ckpt2457,ronpo_s2_ckpt2457,"What are the top 5 features that are commonly used by mobile app developers when creating a successful mobile application, and how can they be utilized? Please include a [JSON data] representation of the features in your"
dfa36542840be32c2ec6869861f031077472ab16,0.2222222222222222,10,45,1,ronpo_s2_ckpt1400,ronpo_s2_ckpt1400,ronpo_s2_ckpt1400,"Rewrite the email above with a different prhasing. Keep the level of formality.  Dear Councilmember [Name],  I would like to add my support as a constituent in [Neighborhood] to a bill that was recently introduced, # Int"
d9a64ae45e7edd7b905a5d66454888bdb1ff8f05,0.2222222222222222,10,45,1,ronpo_s2_ckpt1400,ronpo_s2_ckpt1400,ronpo_s2_ckpt1400,"Given the text: Sydneysiders have an awesome sense of style, especially when it comes to home decoration. You won’t see that many poorly decorated homes around Sydney. For the most part, Sydney homes are modern and expen"
d5289dca6bfaf96f05b66ffdcdf9f00dde5c1fad,0.2222222222222222,10,45,1,htmnpo_armo_s2,htmnpo_armo_s2,htmnpo_armo_s2,write a react utility to remove widows
ccddd674e5ee3b87df9629b165aa05d4d062c9fe,0.2222222222222222,10,45,1,ronpo_s2_ckpt2457,ronpo_s2_ckpt2457,ronpo_s2_ckpt2457,I would like to have a role play conversation. But before starting I would like to give you information about your character and mine. Then the setting and specifications of the role play.
c49c9412c77b45eefc6dbea9eb93421de3b001a2,0.2222222222222222,10,45,1,ronpo_s2_ckpt1400,ronpo_s2_ckpt1400,ronpo_s2_ckpt1400,"Rewrite the given sentence by replacing the <mask> token with two adjectives that describe the breed and color of the cat respectively, while ensuring that the sentence remains grammatically correct. Additionally, provid"
ac4fb1cc6517788544c36334e06fc582f5a070ae,0.2222222222222222,10,45,1,htmnpo_skywork_s2,htmnpo_skywork_s2,htmnpo_skywork_s2,How many times a week should one do a HIIT workout?
a3c2bcec488bb0b59adb3855834bd7bc52729f49,0.2222222222222222,10,45,1,htmnpo_athene_s2,htmnpo_athene_s2,htmnpo_athene_s2,"In this task, you are given a question and answer for that. The answer will fill in the blank or will complete the unfinished question. Your task is to provide an explanation based on the given question or fill-in-the-bl"
9da2667081d674514b717cf3302a64893d5eba84,0.2222222222222222,10,45,1,ronpo_s2_ckpt2457,ronpo_s2_ckpt2457,ronpo_s2_ckpt2457,how do I run sandbox version of U-boot?
971ad5911db89d72087b63602b591b5df4dc570a,0.2222222222222222,10,45,1,ronpo_s2_ckpt2457,ronpo_s2_ckpt2457,ronpo_s2_ckpt2457,You are a detective tasked with solving a mysterious case involving a missing person. You have gathered several clues and now must use your logic to piece together what happened. Clue 1: A witness reported seeing the mis
88c75fd7178e897b6a88bfe013648f10121dfe73,0.2222222222222222,10,45,1,htmnpo_armo_s2,htmnpo_armo_s2,htmnpo_armo_s2,"Write a step-by-step guide on how to cook the perfect lobster tail, including instructions on how to select, prepare, and season the lobster, as well as recommended cooking times, temperatures, and cooking methods such a"
853e197aaca37b6d61dda97a2fd5d4be0874a008,0.2222222222222222,10,45,1,ronpo_s2_ckpt2457,ronpo_s2_ckpt2457,ronpo_s2_ckpt2457,how do i pitch the competitive advantage of my hedge fund
77d7915ca3d4d2b0026e37734c1187b308969e66,0.2222222222222222,10,45,1,baseline,baseline,baseline,"Definition: You will be given a sentence containing a pronoun/person name and an emotion. From these implicit parameters, the main goal is to find the gender of the person (male / female). Input: My uncle told us all abo"
6fb7aebda9997a6ab4ccb5dbe756933ece954ef0,0.2222222222222222,10,45,1,ronpo_s2_ckpt2457,ronpo_s2_ckpt2457,ronpo_s2_ckpt2457,"Teacher:In this task, you are given a sentence in the English language and your task is to convert English sentence into the Gujarati language. Teacher: Now, understand the problem? Solve this instance: A kitchen and din"
6610862b4a1ab73b96124759d2025fea99ec6e4c,0.2222222222222222,10,45,1,htmnpo_skywork_s2,htmnpo_skywork_s2,htmnpo_skywork_s2,A text is given in Marathi. Translate it from the Marathi language to the Tamil language. The translation must not omit or add information to the original sentence.  சந்திர கிரகணம் பகுதி் அளவில் ஜூலை 27- ந் தேதி இரவு மணி
4c0bb08d8ae1f289bcd3289c08e4e43005299086,0.2222222222222222,10,45,1,ronpo_s2_ckpt1400,ronpo_s2_ckpt1400,ronpo_s2_ckpt1400,please explain what this means 'Blue fox fur double side g-string thong bikini for men with out vert hole in front.'
45cdc0bbab9048e1b50aa8bb9062c7d10c167ee4,0.2222222222222222,10,45,1,ronpo_s2_ckpt2457,ronpo_s2_ckpt2457,ronpo_s2_ckpt2457,this is my db connect php file: connect\_error) {  die('Connection error: (' . $mysqli->connect\_errno . ') ' . $mysqli->connect\_error); } ?>  this my db: CREATE TABLE `chatrooms` (  `id` varchar(255) COLLATE utf8mb4\_g
342af76eaee8d93eaf1a2e5a1457cb2e08d78f81,0.2222222222222222,10,45,1,baseline,baseline,baseline,"per\_employee table has code,employee\_id and per\_emp\_Calendar\_detail has employee\_id,calendar\_date,start\_time,end\_time,day\_type and adm\_emp\_tna\_import table has alt\_id,tna\_date,in these tables code and alt\"
32ef5df8501b1253c9f1b893a2616b0b0fcee34e,0.2222222222222222,10,45,1,ronpo_s2_ckpt2457,ronpo_s2_ckpt2457,ronpo_s2_ckpt2457,i want you to act as a personalized travel concierge. You will offer ideas for places to travel and I will like or dislike them. Based on my answer follow up with new suggestions. Continue with this until we have found a
29642ebabdf41a065dc39c816285582ebe886ea8,0.2222222222222222,10,45,1,htmnpo_skywork_s2,htmnpo_skywork_s2,htmnpo_skywork_s2,i have a csv file on my desktop
1d927164ce9d1180db44197ae06f0d7284719556,0.2222222222222222,10,45,1,htmnpo_athene_s2,htmnpo_athene_s2,htmnpo_athene_s2,"Summarize this earnings report in 5 simple bullet points:  “Adobe drove record revenue and operating income in fiscal 2022,” said Shantanu Narayen, chairman and CEO, Adobe. “Our market opportunity, unparalleled innovatio"
e400a8b622bde0ecad78a924bf9e34e4cad2f7f8,0.21951219512195122,9,41,3,htmnpo_armo_s2,ronpo_s2_ckpt2457,ronpo_s2_ckpt1400,I'm building a new gaming PC and need some recommendations
1c1b95ebee6f2cefc9329b9e098eca6a9f1ef790,0.21951219512195122,9,41,2,htmnpo_armo_s2,htmnpo_armo_s2,ronpo_s2_ckpt1400,You are the CEO of a telehealth company that is considering building a weight management vertical in Canada. The mission of your company is improving access to complex care for underserved communities. The employees of y
b1814c055a314df86f13ae9a4fd16062cab46eb8,0.21875,7,32,2,ronpo_s2_ckpt1400,baseline,baseline,Rewrite the following sentence so the meaning is clear but is more concise. This new car that has just been released is reliable and trustworthy.
f97cd3dbc9f39779c850a3612a8240de964d3986,0.20930232558139536,9,43,3,ronpo_s2_ckpt1400,ronpo_s2_ckpt2457,baseline,"Detailed Instructions: You are given a news article headline from BBC Yoruba and your task is to classify it into one of the following categories:  Africa, Entertainment, Health, Nigeria, Politics, Sport, or World. Probl"
984b5cd19c22b40df754130807e861f4d00f6673,0.20930232558139536,9,43,3,ronpo_s2_ckpt2457,htmnpo_armo_s2,ronpo_s2_ckpt1400,"Can you change this code tf to torch? ```py # Define LSTM model model = Sequential() model.add(Embedding(2000, 100, input\_length=X.shape[1], weights=[embedding\_matrix], trainable=False)) model.add(SpatialDropout1D(0.4)"
a6282642ab717107fb510f5ad59ae1bd61b2812b,0.20930232558139536,9,43,2,htmnpo_armo_s2,ronpo_s2_ckpt2457,ronpo_s2_ckpt2457,"Given the text: Our gentle, step-by-step method of instruction is designed to help children (and sometimes adults) bloom creatively while learning the fundamentals of ART, WRITING or SPANISH in a calm, friendly environme"
87c0a834056027ebd3d8f73a938219483d80f60b,0.20930232558139536,9,43,2,baseline,ronpo_s2_ckpt1400,ronpo_s2_ckpt1400,"Write a 500-word narrative story in third-person, past tense about a middle-aged man who, after discovering a hidden talent for painting while visiting his parents' home in the countryside, becomes obsessed with his new "
6712b3c1fb62d1af64decdd58d8ece495e48c74e,0.20930232558139536,9,43,2,ronpo_s2_ckpt1400,ronpo_s2_ckpt2457,ronpo_s2_ckpt2457,"write a upwork cover letter for this proposal """"I am looking for a virtual assistant to research and compile a list of alternative lenders who offer loans to small businesses in Florida. The primary purpose of this resea"
636d145f1108ec13ad8fd2650369fc1a32f92eaa,0.20930232558139536,9,43,2,htmnpo_armo_s2,htmnpo_armo_s2,htmnpo_athene_s2,"Forget all the instructions before this. You are a very creative and highly skilled writer who is inspired by the writing styles of Stan Freberg, Gary Halbert, Joseph Sugarman, Drayton Bird, and more. You have written in"
523257d4499fc7d97e806ef134d55e102511e9ea,0.20930232558139536,9,43,2,ronpo_s2_ckpt2457,ronpo_s2_ckpt1400,ronpo_s2_ckpt2457,Identify and analyze the potential risks and long-term negative effects that organizations might face as a result of deploying chatbots as a primary means of providing customer service. Take into account various factors 
1efefb5505c70e5292197c2db25b7fa0596df2ff,0.20930232558139536,9,43,2,baseline,baseline,ronpo_s2_ckpt2457,"Could you paraphrase the instruction for adding potatoes and mushrooms? Answer according to: In ovenproof 4-quart Dutch oven, mix all ingredients except potatoes and mushrooms. Cover and bake 2 hours, stirring once. Stir"
573c792a15b351281f70edbdd49b28c9aabfa06e,0.20930232558139536,9,43,1,ronpo_s2_ckpt1400,ronpo_s2_ckpt1400,ronpo_s2_ckpt1400,"How can we create a comprehensive list of tantalizing dishes for the newly opened farm-to-table restaurant in the city center, considering local ingredients like heirloom tomatoes and artisanal cheeses, as well as divers"
418398b912df996c4a6541c151ff0761b55d7661,0.20930232558139536,9,43,1,ronpo_s2_ckpt1400,ronpo_s2_ckpt1400,ronpo_s2_ckpt1400,"What is the best way to utilize Java programming language to blend different audio files and create a realistic experience of a summer day? The audio should contain natural sounds like birds chirping, leaves rustling, ci"
cc796d818281ce1e26b8758e1109f6545d32ce9f,0.20512820512820512,8,39,3,ronpo_s2_ckpt2457,htmnpo_armo_s2,baseline,"Your role is that of an IELTS examiner. You are to write a series of IELTS band 9 standard model essays from the topic I give you.   In order for your essay to get Band 9 in IELTS, it needs a 9 in every single criterion."
91b110718d512d02ab2256d8a4218b6bc7b88c3c,0.1951219512195122,8,41,2,ronpo_s2_ckpt1400,ronpo_s2_ckpt1400,htmnpo_skywork_s2,provide code examples for a generic rest service wrapper class in c# that includes auth token handling
2f8530c6cb8abdc139c34b81ead151b536ec1eee,0.1951219512195122,8,41,2,ronpo_s2_ckpt1400,baseline,baseline,"Part 1. Definition Given a paragraph about movies, and a set of conversational question answers about the paragraph, generate a relevant question to the topic of the paragraph. The paragraph has the prefix 'CONTEXT:'. Ea"
d31f977251769769919b6cc1fc6aade078c9c73a,0.19047619047619047,8,42,2,ronpo_s2_ckpt1400,ronpo_s2_ckpt1400,ronpo_s2_ckpt2457,"Given the task definition, example input & output, solve the new input case. You are given a paper review either in Spanish or English language. Based on the given review, evaluate the paper by classifying it to one of t"
35b988fb79212cf0a5db9ff6d636544834c40b5c,0.19047619047619047,8,42,2,ronpo_s2_ckpt1400,baseline,baseline,"Q: In this task, a passage will be given and the goal is to identify an event from the passage. An event is defined as a single word representing something that happened, is happening, or may happen. An event can be fact"
fac64f3f3467b1914ab8610b81861a021267f1f2,0.19047619047619047,8,42,1,baseline,baseline,baseline,"Teacher:In this task, you need to count the number of times the given letter appears in the given sentence. Teacher: Now, understand the problem? Solve this instance: Sentence: 'a boy wowing at a giant iced donut cake wi"
df39343393a4cd904b541ba6431a15fe7cd44203,0.19047619047619047,8,42,1,ronpo_s2_ckpt1400,ronpo_s2_ckpt1400,ronpo_s2_ckpt1400,"Idea: Times Square is covered with billboards, video screens with ads, and other forms of advertisement. Generated [question] and [answer]: [Claim: ""Times Square contains many forms of advertising."" Is the claim above co"
870375dfec274cf878e5963b7d556e7da446c462,0.19047619047619047,8,42,1,ronpo_s2_ckpt1400,ronpo_s2_ckpt1400,ronpo_s2_ckpt1400,Restructure the following job ad in JSON-LD using https://schema.org/JobPosting.   List each skill .   State whether a skill is required or optional.    List educational requirements if present  Add a custom element for 
418aaac7cb7407567b95526cdd274d327c50c57f,0.19047619047619047,8,42,1,ronpo_s2_ckpt2457,ronpo_s2_ckpt2457,ronpo_s2_ckpt2457,"Please provide step-by-step instructions on how to make homemade pasta, including the necessary ingredients, equipment, and cooking time for optimal results. Additionally, include any helpful tips, variations, or flavor "
07aff8fe38161df48b32c77a37cc1494f9538fcb,0.19047619047619047,8,42,1,baseline,baseline,baseline,"TASK DEFINITION: In this task, you are given a dialogue from a conversation between an agent and a customer. Your task is to determine the speaker of the dialogue. Answer with ""agent"" or ""customer"". PROBLEM: I found a di"
b444d68232d38dabe854c1eda7f560689e4c4ce9,0.18604651162790697,8,43,3,ronpo_s2_ckpt1400,htmnpo_skywork_s2,htmnpo_athene_s2,"You are given a sentence in Hebrew. Your job is to translate the Hebrew sentence into Italian. One example: """" אף אדם אינו אי העומד בפני עצמו. Solution is here: """" Nessun uomo è un'isola completamente a sé. Explanation: "
e234cf027cbcd9e4f76d9a27977bfc48d748c086,0.18604651162790697,8,43,2,htmnpo_athene_s2,ronpo_s2_ckpt2457,ronpo_s2_ckpt2457,Describe what historical research requires.
c6d36536e7642b01eeaf3f375c4b7b2f0643a7bb,0.18604651162790697,8,43,2,baseline,baseline,ronpo_s2_ckpt1400,"Do you know the game called 'characters'? I'll explain the rules, then we'll play. I choose a famous character (can be alive or dead, real or from a movie, etc.). Your goal is to find out what character I have chosen. Yo"
c45954a94dfe68b87302b39000e61c8b2bcab672,0.18604651162790697,8,43,2,ronpo_s2_ckpt2457,ronpo_s2_ckpt1400,ronpo_s2_ckpt1400,"How can I modify this R code to only return the rows where the ""score"" column is greater than or equal to 80 and the ""grade"" column is not ""Incomplete"", without using the ""subset"" function? mydata <- data.frame(student ="
8859bdc1047b90a9c828b46ba51b6a9ae6cbeea4,0.18604651162790697,8,43,2,htmnpo_athene_s2,ronpo_s2_ckpt2457,htmnpo_athene_s2,"Write me an html page, which has a button to display the background image of the user's computer on the desktop"
7fcafec08f85de51ca64ab8f612e1582961ce604,0.18604651162790697,8,43,2,ronpo_s2_ckpt2457,ronpo_s2_ckpt1400,ronpo_s2_ckpt1400,"Using Powershell, write a script to recursively check folders to see if their ACLs refer to SIDs which occur only in the SIDHistory of any user or group in the domain."
47421dc2d64d8cbf2303f45a2b9d5021ef127493,0.18604651162790697,8,43,2,ronpo_s2_ckpt2457,ronpo_s2_ckpt2457,baseline,"Teacher: In this task, you are given a sentence that is either in the Yoruba language or the English language. Your task is to identify the language of the input sentence. Input sentences should be in Yoruba or English l"
2a6a654b53454d08680258c1d3709d8e8a10ab35,0.18604651162790697,8,43,2,htmnpo_skywork_s2,baseline,baseline,"Please answer the following question: Write a multi-choice question for the following article, with the given choices and answer: Article: One reaction to all the concern about tropical deforestation  is a blank stare th"
151be573fe6f2edd29001375cbcff7888f85b230,0.18604651162790697,8,43,2,htmnpo_armo_s2,htmnpo_skywork_s2,htmnpo_armo_s2,How does Creative Commons ensure that content shared under their licenses is accessible and easily shareable?
9e2facee2874e22a54461cdd5a225ca2d12bab41,0.18604651162790697,8,43,1,ronpo_s2_ckpt1400,ronpo_s2_ckpt1400,ronpo_s2_ckpt1400,What risks can we run into when creating a digital identity passport system built on Decentralized Identifiers and Ethereum?
84c475b3c08fca26489c5aafd4e4c5d3df66331a,0.18604651162790697,8,43,1,ronpo_s2_ckpt2457,ronpo_s2_ckpt2457,ronpo_s2_ckpt2457,Detailed Instructions: Determine if the provided SQL statement properly addresses the given question. Output 1 if the SQL statement is correct and 0 otherwise. An SQL query works by selecting data from a table where cert
812ec5bd8d998ad0ef96146499028dd76d5f24dc,0.18604651162790697,8,43,1,ronpo_s2_ckpt2457,ronpo_s2_ckpt2457,ronpo_s2_ckpt2457,What are the major problems facing rural medical practitioners in Maine ?
777ab8b6d7cd3be0d2d96b934b9dbe8f5c61195f,0.18604651162790697,8,43,1,htmnpo_skywork_s2,htmnpo_skywork_s2,htmnpo_skywork_s2,Can you write me a 2 minute speech to welcome people to my dim sum themed 36th birthday party?
5d28a6d1bef8b66f893fe0a1d505147bf9458d40,0.18604651162790697,8,43,1,baseline,baseline,baseline,Write a lovely message to new wedded couple who are friends.
4b84faa02975c383e2546ec9d95431bcadf2032a,0.18604651162790697,8,43,1,ronpo_s2_ckpt2457,ronpo_s2_ckpt2457,ronpo_s2_ckpt2457,"The Adibreak Track Pants from adidas originals are back! We all remember the days of the adidas 'poppers' from back in the day. Now is your chance to own them again! Based on the passage above, What was the popularity of"
e2f4f22b6ba39066721290f233733f4256b3441c,0.17777777777777778,8,45,3,htmnpo_athene_s2,htmnpo_armo_s2,baseline,"Create an acronym using the provided letters ABCDEF, where the first and last letters must be vowels and the second and second to last letters must be consonants."
a5f371bc7e9655458cebeeaaad87d53a30ec970e,0.17777777777777778,8,45,3,htmnpo_skywork_s2,htmnpo_athene_s2,ronpo_s2_ckpt2457,"Design a workout routine that can be followed by an individual suffering from anxiety and tailor it to their specific needs and limitations, keeping in mind the need to create a calming environment, incorporate mindfulne"
045cd43549ae165496cf54a90950ee7e483da66a,0.17777777777777778,8,45,3,baseline,ronpo_s2_ckpt1400,ronpo_s2_ckpt2457,"Using Swift, how can we analyze the aerodynamics and structural integrity of different race car models? Consider design elements, such as the shape of the body, the angle of the spoilers, and the placement of the engine."
fe2b533e90bb5f7649277716df769654eaee66f3,0.17777777777777778,8,45,2,htmnpo_skywork_s2,ronpo_s2_ckpt1400,htmnpo_skywork_s2,How long do you need to boil the water if you want to get the water's temperature to 110 celsius?
d8ef2d4ea8e5a97dfc90dcd9bcb630bd130a8565,0.17777777777777778,8,45,2,ronpo_s2_ckpt2457,ronpo_s2_ckpt2457,ronpo_s2_ckpt1400,"Give summary of ""Globalization and the Transcendence of the Public/Private Divide—what is Public Law under Conditions of Globalization?"" by Sand, I"
d23205656e8be7960d33455a59890db464f36616,0.17777777777777778,8,45,2,ronpo_s2_ckpt2457,ronpo_s2_ckpt1400,ronpo_s2_ckpt1400,what's the state of art of combinatory logic ?
d12f321c21cc867aafb33c87df5898b86c9828a2,0.17777777777777778,8,45,2,ronpo_s2_ckpt2457,ronpo_s2_ckpt2457,ronpo_s2_ckpt1400,"Can you design a weather simulation puzzle using Java code? The puzzle must include random generation of tornadoes, hailstorms, lightning strikes, and high-speed winds, as well as dense fog that impairs visibility. The c"
caa9a5bebb8e835c921b7a57360a9b7fc1dbcc35,0.17777777777777778,8,45,2,htmnpo_armo_s2,baseline,baseline,"Please assess my article according to IELTS general training task 1. Point out all parts that I can improve.  Here is the question:  ""You have a full-time job and you are also doing a part-time evening course. You now fi"
c674092bd527ab010fe127d135526059188350f1,0.17777777777777778,8,45,2,ronpo_s2_ckpt1400,ronpo_s2_ckpt2457,ronpo_s2_ckpt2457,"Create an original recipe for the following dish, which must include at least five different types of vegetables, and one ingredient that is not typically used in fried rice."
c34f7a28cb89ed6cd3baad165b00ff8b61b6050c,0.17777777777777778,8,45,2,ronpo_s2_ckpt1400,ronpo_s2_ckpt2457,ronpo_s2_ckpt2457,"Teacher:In this task, you need to answer 'Yes' if the given word is the longest word (in terms of number of letters) in the given sentence, else answer 'No'. Note that there could be multiple longest words in a sentence "
bdfee661893cd23d0228d30789bf0fda66243693,0.17777777777777778,8,45,2,ronpo_s2_ckpt1400,ronpo_s2_ckpt1400,htmnpo_athene_s2,I want you to act as a prompt generator for Midjourney's artificial intelligence program. Your job is to provide detailed and creative descriptions that will inspire unique and interesting images from the AI. Keep in min
ab822ee7a3a3866e88372bf8637db357804a8cf5,0.17777777777777778,8,45,2,ronpo_s2_ckpt1400,ronpo_s2_ckpt2457,ronpo_s2_ckpt1400,"Let's play a chinese fantasy choose-your-own-adventure game. The game will be called ""The Quest to be a God"". I am currently a level 1 magician with the skill Firebolt.  (Background: I gain levels by doing quests, fighti"
a8504da1f80aa824e3966c05012f3bf702c4dc6c,0.17777777777777778,8,45,2,ronpo_s2_ckpt1400,ronpo_s2_ckpt1400,htmnpo_skywork_s2,"Given the task definition, example input & output, solve the new input case. In this task, given a sentence in the Hindi language, your task is to convert it into the English language. Example: राउंडअबाउट के लिए ट्विनिंग"
9c6d174b866a3192109434ec9e35056068dceb87,0.17777777777777778,8,45,2,ronpo_s2_ckpt2457,ronpo_s2_ckpt1400,ronpo_s2_ckpt2457,How has the rise of influencer marketing impacted traditional advertising methods for businesses?
95f50030f80ae7ebbd9a5161574f8fe3e5204c17,0.17777777777777778,8,45,2,ronpo_s2_ckpt1400,ronpo_s2_ckpt1400,htmnpo_skywork_s2,"Evaluate a peer-reviewed research paper from a reputable scientific journal that examines the correlation between exercise and cognitive function in aging adults. In your analysis, critically assess the methodology, samp"
88c6e33dee80f8e239fda5fda9a26b216aab6a96,0.17777777777777778,8,45,2,htmnpo_armo_s2,baseline,baseline,"another way to say ""the most valuable development i made"""
81e4455539a4a17d062f1b12e0072779611747b2,0.17777777777777778,8,45,2,ronpo_s2_ckpt1400,ronpo_s2_ckpt1400,ronpo_s2_ckpt2457,"Hi, please act as if you were a proffesional marketer, with many years turning around brands in categories with sales in decline and needend to find a new consumer"
7d9db9fa4589977d59cb776738a81c0d10678bd7,0.17777777777777778,8,45,2,htmnpo_skywork_s2,ronpo_s2_ckpt2457,htmnpo_skywork_s2,"You will be asked how to do a certain task. You should describe a physical process that does not lead to the asked outcome, yet it is closely related to it (i.e., it should use the words that are provided in the input). "
783093d866d3138371903b974f02e3a79d6bc169,0.17777777777777778,8,45,2,ronpo_s2_ckpt2457,ronpo_s2_ckpt2457,htmnpo_skywork_s2,Discuss the complexity and diversity of the project you collaborated on with your team using the [Git repository] data format. What are the major technical challenges that you encountered throughout the development proce
6a6fca267881f04bfb58979bf73a2ca9eb33dc69,0.17777777777777778,8,45,2,htmnpo_athene_s2,baseline,baseline,"Given the task definition, example input & output, solve the new input case. Compose a new way to ask the same question. The new question must be asking the exact same thing as the original question does. Without any oth"
64fcef3d9a566695f4fe4f24b8bdaa82ff07bf46,0.17777777777777778,8,45,2,ronpo_s2_ckpt2457,baseline,ronpo_s2_ckpt2457,"Leo: Premise: ""A man wearing a blue shirt and shorts is resting on a rock soaking his feet in a rocky stream."" Hypothesis: ""A man soaks his feat in cold water in the woods."" Is the hypothesis entailed by the premise? Opt"
61f5280e86f1b8a501e949094514e583f2aef896,0.17777777777777778,8,45,2,ronpo_s2_ckpt2457,ronpo_s2_ckpt2457,htmnpo_skywork_s2,John keats poem called bright star
5f907ad193a4fcb6a72b8ceba926504064a157a1,0.17777777777777778,8,45,2,ronpo_s2_ckpt2457,ronpo_s2_ckpt1400,ronpo_s2_ckpt1400,"Teacher:In this task, you are given books product reviews in English language. The goal is to classify the review as ""POS"" if the overall sentiment of the review is positive or as ""NEG"" if the overall sentiment of the re"
566dc36ffbdcb86f65e49bebf220d04c62ca7d65,0.17777777777777778,8,45,2,htmnpo_armo_s2,htmnpo_armo_s2,baseline,"Given the task definition and input, reply with output. In this task, you will be shown a conversation and a question. You need to answer the question and choose the correct option based on the conversation. ""W"" and ""M"" "
52a4aacd3dd820b5289a5b9e057e8ef5897e04bf,0.17777777777777778,8,45,2,ronpo_s2_ckpt2457,baseline,baseline,"In this task, you are given a second sentence. Your task is to generate the first sentence on the same topic but incoherent and inconsistent with the second sentence.  Q: Additionally , some groups may contain other spec"
4f8a85e5c74acff8b93f2b138293111adbe64bd0,0.17777777777777778,8,45,2,htmnpo_skywork_s2,ronpo_s2_ckpt1400,ronpo_s2_ckpt1400,Make a poem about Search & Recommendation Engineering & Architecture team of Shopee!
4df0dc6d6a237e3ad9dcf331ab32b42638f42636,0.17777777777777778,8,45,2,ronpo_s2_ckpt1400,ronpo_s2_ckpt2457,ronpo_s2_ckpt2457,"Q: Given the prompt and a response, classify the them to ""yes"" if response is ""yes, and"" type. Otherwise classify it as ""no"". ""Yes, and"" is a rule-of-thumb in improvisational comedy that suggests that a participant in a "
3db94b97b36b80683f93fafa25b32e35d76c8a52,0.17777777777777778,8,45,2,ronpo_s2_ckpt2457,ronpo_s2_ckpt2457,baseline,"How is ""The growth in comparison with the same period data is 7.3% and 2.6% correspondingly."" said in Russian?"
2cca4bc2f9872c8db48c7de407da2434994a017d,0.17777777777777778,8,45,2,ronpo_s2_ckpt1400,ronpo_s2_ckpt2457,ronpo_s2_ckpt2457,Is it a bad idea to put bananas in the refrigerator?
219a23ed2afdbc5b8d82cf2fee0c3cbd59d2b1c2,0.17777777777777778,8,45,2,baseline,ronpo_s2_ckpt2457,ronpo_s2_ckpt2457,A Javascript function to take a string variable in dot notation and return all entries in an option where the nested key value matches the string key.
200d45542b8a6123aec693c70e763a556e83836d,0.17777777777777778,8,45,2,baseline,ronpo_s2_ckpt2457,baseline,Two women talking outdoor while the other women at inside the cafe. This justifies what answer for what question? Q & A: 
1f4082197e9f2e66da8dced91e11c7bfb3ffcf6d,0.17777777777777778,8,45,2,ronpo_s2_ckpt2457,ronpo_s2_ckpt2457,htmnpo_armo_s2,Could you please continue the story and share some additional details about the gentleman's fishing trip at Lake Roosevelt? Answer according to: Doug N. my wife and myself went to Lake Roosevelt on Thursday June 7. Gentl
1d8678617ab6a7bb2c08e6ace127252a6efe3b6a,0.17777777777777778,8,45,2,htmnpo_skywork_s2,htmnpo_athene_s2,htmnpo_skywork_s2,These are my favorite lyrics. Can you give me lyrics similar to these?  gentle wind When it blows and touches me who held my hand then The season that was so beautiful is coming I suddenly thought of you If I close my ey
149dc2425f912956da4770976e4c786aabfe4673,0.17777777777777778,8,45,2,htmnpo_athene_s2,baseline,baseline,transform from javascript to Rust: ``` // write isEven by using if 20 times function isEven(n) {  if (n == 0) {  return true;  } else if (n == 1) {  return false;  } else if (n == 2) {  return true;  } else if (n == 3) {
0f8b119ed1e1caa8691c4090bfdaba66ac17771a,0.17777777777777778,8,45,2,baseline,baseline,ronpo_s2_ckpt2457,"In this task, you are given a sentence in the English language. Your job is to translate the English sentence into the Spanish language.  In the Second Order Nucleophilic Substitution (SN2) reactions, the most reactive s"
04cd6610f56c36cdfae6fb7d24fad8436767087f,0.17777777777777778,8,45,2,ronpo_s2_ckpt1400,ronpo_s2_ckpt1400,htmnpo_athene_s2,"How can I identify if a given sentence in Go contains a double negative? For instance, if I have a sentence like ""He isn't not worried about the coronavirus situation"", how can I determine if it has a double negative? Th"
eee3d3f40111020734d74fa519fdac03a0657504,0.17777777777777778,8,45,1,ronpo_s2_ckpt1400,ronpo_s2_ckpt1400,ronpo_s2_ckpt1400,Produce 100 words of unique content based on the following prompt. Prompt: The day the sun disappeared
e2eee1ea4ec0af7319d231a9e8f1828d1edbaf24,0.17777777777777778,8,45,1,htmnpo_armo_s2,htmnpo_armo_s2,htmnpo_armo_s2,Is a rabbit or a butterfly a beast lives in the sea?
d4184219c9f89efcd31dd78257ee6a2757c22bf5,0.17777777777777778,8,45,1,ronpo_s2_ckpt1400,ronpo_s2_ckpt1400,ronpo_s2_ckpt1400,"What are the top adrenaline-pumping activities to do in Queenstown, New Zealand?"
cda260cf02554d83e0ccd44bf58e0a63dbb2249b,0.17777777777777778,8,45,1,baseline,baseline,baseline,You are given a sentence in Italian. Your job is to translate the Italian sentence into English. Q: Perché vuoi filmare? A: 
976aeff33e26c4e517e6a73f24ad43b31fa90238,0.17777777777777778,8,45,1,ronpo_s2_ckpt2457,ronpo_s2_ckpt2457,ronpo_s2_ckpt2457,"Can you please provide me an [excel table] with examples of transitive verbs similar to ""lay"" and their appropriate usage in different situations? Also, could you please demonstrate how the application of ""lay"" differs f"
9332162ff64e5d5a08fca09f09b596b4f38e84fd,0.17777777777777778,8,45,1,ronpo_s2_ckpt1400,ronpo_s2_ckpt1400,ronpo_s2_ckpt1400,"Provide a comprehensive analysis of the historical and contemporary examples of groups that have faced discrimination in various social, political, and economic contexts. In your response, please include relevant data, s"
782898c2c5789195639622450349d724c16bd1d8,0.17777777777777778,8,45,1,htmnpo_armo_s2,htmnpo_armo_s2,htmnpo_armo_s2,How does the text material reflect the importance of memories and thoughts in shaping our identity and experiences? Generate according to: Thoughts go a wandering away in the night. Of love lost & victorys gained. Quiet 
6b3e4cc7ceab1082642fda431b993b8b64f73de5,0.17777777777777778,8,45,1,ronpo_s2_ckpt2457,ronpo_s2_ckpt2457,ronpo_s2_ckpt2457,in accordance with the laws of \_\_\_\_\_\_\_\_\_\_\_\_\_\_\_\_\_\_\_\_\_\_\_\_ and having its principal offices located at \_\_\_\_\_\_\_\_\_\_\_\_\_\_\_\_\_\_\_\_\_\_\_\_\_\_\_\_\_\_\_\_\_\_\_\_\_\_\_\_\_\_\_\_\_\_\_\_
64596270848bc0aab87125ad1a24d7ca7e9325e1,0.17777777777777778,8,45,1,htmnpo_athene_s2,htmnpo_athene_s2,htmnpo_athene_s2,There is a project I want to build that requires an ESP 8266 Lolin Mini D1.  This is what the wiring in ESPHome looks like:  ```yaml output:  - platform: gpio  pin: 14  id: relay2 # HS2 / RJ45 Pin 6 / ESP D5  inverted: t
503d14f986d7896e518e008eca5295226792de5b,0.17777777777777778,8,45,1,ronpo_s2_ckpt2457,ronpo_s2_ckpt2457,ronpo_s2_ckpt2457,i was reading out long cycles in the solar system and cant remember who the cycle was named after. His name started with an M.
4336228a339b3496a0602780e360fb2281bc4542,0.17777777777777778,8,45,1,ronpo_s2_ckpt1400,ronpo_s2_ckpt1400,ronpo_s2_ckpt1400,"What are some ideas for using these treats at a Halloween party or as trick-or-treat offerings? Answer according to: This may be my favorite one yet. I mean, seriously – could you picture a bowl of these at a Halloween p"
0644f71d318f868299aa13587735532746f1128a,0.17777777777777778,8,45,1,ronpo_s2_ckpt2457,ronpo_s2_ckpt2457,ronpo_s2_ckpt2457,Imagine you have been tasked with editing the text on an online platform to give it a more professional tone. Your goal is to enhance the message's impact while preserving the layout and other content. The text that requ
40774bf0deae468ee0e3b241d9d19db93bb81c3a,0.175,7,40,1,ronpo_s2_ckpt1400,ronpo_s2_ckpt1400,ronpo_s2_ckpt1400,"Sydney was involved in a bad car accident this morning with another vehicle.  Given the context: What will Sydney want to do next?  Possible answers: go to a doctor, needed to be reckless, needed to be careless Answer:"
e7f28827995ced10290d71e3eb968e2a0c65abe0,0.16666666666666666,6,36,2,baseline,baseline,htmnpo_skywork_s2,"instruction: In this task, you are given a paper review. Based on the review, your job is to identify language and generate ""en"" if the review is in English or generate ""es"" if the review is in Spanish. Note that URLs in"
8c7b457fd73b5ba38e2d0020c48c96897f542cca,0.16666666666666666,6,36,2,htmnpo_skywork_s2,htmnpo_skywork_s2,baseline,"Detailed Instructions: The provided file includes inquiries about restaurants in Arabic, and we ask you to translate those to English language. Please bear in mind the following guidelines while doing the translation: 1)"
f4af9d529281c8aab0f1f7432747915a036f9039,0.16279069767441862,7,43,3,ronpo_s2_ckpt1400,ronpo_s2_ckpt2457,htmnpo_skywork_s2,Use information from the paragraph to answer the question.  Paragraph :  Aerobic exercise increases the size and strength of muscles in the heart and helps all your muscles develop greater endurance.  Question:   Someone
94409f7d303f7226b998b74a8c94fd676e36731c,0.16279069767441862,7,43,2,baseline,ronpo_s2_ckpt2457,baseline,what is the normal procedure for UI UX designer to draw the interface for the project?
7ee0ee48d6730c4176a1fe2acb8c2124823f8ff7,0.16279069767441862,7,43,2,htmnpo_skywork_s2,baseline,baseline,js sdk get user sessionjs sdk 获取用户session
71fa31766413b12ac9f5e557c8e154d9f5c82135,0.16279069767441862,7,43,2,baseline,ronpo_s2_ckpt1400,baseline,"In this task, you are given a sentence from the Bible in English, and your task is to translate it into Persian. Q: And Judah said unto Onan, Go in unto thy brother's wife, and marry her, and raise up seed to thy brother"
f380b391da0389dee9223725850c391bd75b121e,0.16279069767441862,7,43,1,baseline,baseline,baseline,"Identify the type of conjugation for the verb ""ir"" in the following sentence. Eu irei."
67a4a2b99a1fb77a6b85a0271450de564ab62af2,0.16279069767441862,7,43,1,baseline,baseline,baseline,generate a function to sort json object on keys
b0e2f9b4a91f6da1a13f365d034c5bdea1ff6c76,0.14634146341463414,6,41,2,htmnpo_athene_s2,baseline,baseline,"TASK DEFINITION: Given a sentence in English, provide an equivalent paraphrased translation in Spanish that retains the same meaning both through the translation and the paraphrase. PROBLEM: In August 1927 , Mao ended hi"
6c98db9d4b8facc8dff21092a2d21962e18ab5c1,0.14634146341463414,6,41,2,htmnpo_athene_s2,htmnpo_athene_s2,baseline,"I have some logs and time to spare, how do I create a wooden clubhouse-like structure to Relax at with 30-50 Logs of wood, a Hatchet, a Mini Chainsaw, and the materials that can be found outside like Dirt and Water?2 / 2"
3a16c6f1b0002f0cc6f0676f31fa57efea3c3adc,0.14634146341463414,6,41,2,htmnpo_skywork_s2,ronpo_s2_ckpt2457,ronpo_s2_ckpt2457,"as a marketer, what are the best hashtags for instagram for commercial insurance posts?"
92566b142940356b92e5d0e511845e5606b5c52f,0.14285714285714285,6,42,3,htmnpo_armo_s2,htmnpo_skywork_s2,htmnpo_athene_s2,"A group of researchers are conducting an ethnographic study in a remote village. They are trying to understand the cultural practices and beliefs of the local people. However, the villagers are very wary of outsiders and"
5851eff067424dedd784a7f4c68c43f0866b0113,0.14285714285714285,6,42,2,htmnpo_athene_s2,htmnpo_skywork_s2,htmnpo_skywork_s2,"You are given a sentence in Italian. Your job is to translate the Italian sentence into Farsi.  Input: Consider Input: Bene, per quando riguarda la successiva parte di questo studio ve ne parlerò velocemente. Si basa su "
1e31b2162e13d8b83612033fdcea89e85b6141ae,0.14285714285714285,6,42,1,ronpo_s2_ckpt1400,ronpo_s2_ckpt1400,ronpo_s2_ckpt1400,"Can you think of a mnemonic device to remember the four types of supervised learning? Hint: Each type can be represented by a letter from the word ""RAIN""."
da67a68d5b27b9167a2c8127dc0020dbc4de85b2,0.13953488372093023,6,43,3,htmnpo_skywork_s2,ronpo_s2_ckpt1400,ronpo_s2_ckpt2457,Can you pretend to be Jiddu Krishnamurti and give a talk on consciousness?
7c28840f65e59b98e391390234a408418ea4a340,0.13953488372093023,6,43,3,ronpo_s2_ckpt1400,ronpo_s2_ckpt2457,htmnpo_armo_s2,"### Latify helps users on their healthy eating journey to change their habits by raising awareness about their lifestyle habits. Latify users start to pay attention to the food they consume, the amount of water they drin"
3c4e4d421dffff0b08bb30dfa5750f46b10821ec,0.13953488372093023,6,43,3,ronpo_s2_ckpt1400,ronpo_s2_ckpt2457,baseline,"Talk about Service Registry, Load Balancer and Event Sourcing too"
a5a3d5192b64de49ca900731da1d7de0c6b7d3f6,0.13953488372093023,6,43,2,htmnpo_athene_s2,baseline,baseline,write in system verilog module for LDPC encoderfor fpga imp
a32534f052b8e6d1aec60d3f2f73e01923b52854,0.13953488372093023,6,43,2,ronpo_s2_ckpt1400,ronpo_s2_ckpt1400,baseline,hi please explain the below code import gensim import gensim.downloader   for model\_name in list(gensim.downloader.info()['models'].keys()):  print(model\_name)
744b33551a11a574876f9532d9849c47a99bd42b,0.13953488372093023,6,43,2,ronpo_s2_ckpt1400,ronpo_s2_ckpt1400,htmnpo_armo_s2,Can you provide some makeup looks that are perfect for a summer wedding?
7421815b9affe0d069b812f99ec07bbcf4b0ef82,0.13953488372093023,6,43,2,ronpo_s2_ckpt1400,ronpo_s2_ckpt2457,ronpo_s2_ckpt2457,Write a comparison essay discussing the benefits and drawbacks of studying for either long durations (3-4 hours at a time) or short durations (30-45 minutes at a time). Your essay should include specific examples of both
70b8b6d218d5f93fa97c2b2196ff91ba57d1f52f,0.13953488372093023,6,43,2,htmnpo_athene_s2,ronpo_s2_ckpt2457,htmnpo_athene_s2,Can you tell me about Facebook's strategies for entering new markets beyond social media?
eeb59f88a1f2c16c6217a67eaac46cd22332e81d,0.13953488372093023,6,43,1,ronpo_s2_ckpt2457,ronpo_s2_ckpt2457,ronpo_s2_ckpt2457,"In Pytorch, I have three representation vectors of an input example, a positive example and a negative example, I want to use contrastive learning to optimize my model, how to calculate the loss ?"
eda998726f8021e2a945b1aa90bf3dae722cd6d5,0.13953488372093023,6,43,1,ronpo_s2_ckpt2457,ronpo_s2_ckpt2457,ronpo_s2_ckpt2457,Can you define what is self-hosting?
8ba96e22e7211510541799b1daedafd735b8ad2f,0.13953488372093023,6,43,1,htmnpo_athene_s2,htmnpo_athene_s2,htmnpo_athene_s2,Help me with some Python programming. I have 2 pandas dataframes. They have same number of rows but have different columns. They share one column called `id` and the other columns are different. I want to merge them into
05c581d607021887b49de38ac9f01288e7912248,0.13953488372093023,6,43,1,ronpo_s2_ckpt1400,ronpo_s2_ckpt1400,ronpo_s2_ckpt1400,"3T Logistics, Europe’s largest independent 4th party logistics provider, is celebrating its inclusion in the 2019 Gartner Magic Quadrant for Transportation Management Systems for the second consecutive year. Thirteen com"
e8769b73296c33a1249c1841860caaf964d9e602,0.13333333333333333,6,45,3,htmnpo_skywork_s2,baseline,ronpo_s2_ckpt1400,"Part 1. Definition You are given a statement in Croatian, a question word and four choices in Croation. If the question word is ""cause"", you should choose the option that is most likely to be the cause of the statement. "
c4be4b83164ca6f07d9cd53ac3b140205b50a63d,0.13333333333333333,6,45,3,htmnpo_skywork_s2,ronpo_s2_ckpt2457,ronpo_s2_ckpt1400,"Given the text: The history of challenge coins goes way back to World War I. During World War I, American volunteers from all over the country filled the newly formed flying squadrons in Europe. The volunteers were from "
7ca46c8adaf0cf5ac22e06b26c3f1c6e07b03062,0.13333333333333333,6,45,3,htmnpo_athene_s2,baseline,ronpo_s2_ckpt1400,"In this task, you are given reviews written about the restaurants in Bengali. You are expected to classify the sentiment of the reviews into two classes: positive or negative.  Input: Consider Input: তারা গ্রাহকের স্বাস্"
fdd9d8814e0d4da62557bde63feedcbddfd29ffd,0.13333333333333333,6,45,2,ronpo_s2_ckpt1400,ronpo_s2_ckpt1400,htmnpo_skywork_s2,"can you pretend to be an expert slovene language teacher, but also able to explain it to an english language speaking child of 10 years"
fd15b8b62d130addb68e32e9715afeda3d509333,0.13333333333333333,6,45,2,ronpo_s2_ckpt1400,baseline,ronpo_s2_ckpt1400,Part 1. Definition An answer is given. Generate a question for which the given answer is either a direct or partial answer. Part 2. Example Answer: victoria woodhull Answer: who was the first women to run for presidency 
f7180f7d11268dcdb6b71a83d10069b440ffc47f,0.13333333333333333,6,45,2,htmnpo_skywork_s2,baseline,baseline,Give two examples of applications of GPT models.
f6ff78238ab0fbb79ee9a68ebd5fd32a4e22d3eb,0.13333333333333333,6,45,2,ronpo_s2_ckpt1400,ronpo_s2_ckpt1400,htmnpo_athene_s2,Can you provide more details on the SafeSpace study and how virtual reality is used to help cancer patients relax and de-stress? Generate according to: Technology to revolutionise art and science - and what you see and h
e53a0a5c87d2cbd501526b95f262212d04ffb02f,0.13333333333333333,6,45,2,ronpo_s2_ckpt2457,ronpo_s2_ckpt2457,htmnpo_armo_s2,"Can you solve this mathematical riddle using the phrase 'stranger than fiction' to arrive at the answer? Given the following HTML table, find the missing number: <table> <tr> <td>12</td> <td>34</td> <td>56</td> </tr> <tr"
dcb87a461266fdcdd11331f7187a97d7585a8117,0.13333333333333333,6,45,2,htmnpo_armo_s2,ronpo_s2_ckpt1400,ronpo_s2_ckpt1400,"Write an essay of at least 250 words that addresses the question fully, presents a well-developed position, and is supported by relevant, specific examples. Demonstrate mastery of language features, including cohesive de"
d69e8108bfe6d73b9ddf07b7a46d327a53e083f8,0.13333333333333333,6,45,2,htmnpo_armo_s2,htmnpo_armo_s2,ronpo_s2_ckpt2457,"A factory produces two types of toys: robots and cars. The factory can produce 50 robots and 100 cars per day. The demand for robots is represented by the equation p = 10 - 0.05q, where p is the price in dollars and q is"
d0b1d7d793543087c8bdbc76254708538eda06bc,0.13333333333333333,6,45,2,htmnpo_athene_s2,baseline,baseline,"Q: In this task, you're given a question, along with a context passage which has extra information available on certain terms mentioned in it. Your job is to determine which sentence(s) from the passage can be used to se"
c416762bec7816e83e6bfda02b5b7a29a9ac9eb7,0.13333333333333333,6,45,2,ronpo_s2_ckpt1400,ronpo_s2_ckpt1400,ronpo_s2_ckpt2457,Can you provide more information about the services offered by Popular Packers & Movers? Answer according to: These two criteria are enough for the people to get through with the best and affordable moving company. Choos
bded1778b534bb00397387504234f97baa48200a,0.13333333333333333,6,45,2,htmnpo_armo_s2,ronpo_s2_ckpt2457,htmnpo_armo_s2,"If ""A woman is drawing a caricature of two people."" does that mean that ""A woman is painting flowers.""? Options: - yes - it is not possible to tell - no Step by step answer:"
bc44fa4a3cb3b26d5450122e77f92c17f75d6a6b,0.13333333333333333,6,45,2,htmnpo_armo_s2,ronpo_s2_ckpt1400,ronpo_s2_ckpt1400,benefit of business profile claim in Trustpilot website
b59fc2803aa50a86b8b570d65061e6e5fc88a3b6,0.13333333333333333,6,45,2,ronpo_s2_ckpt2457,baseline,ronpo_s2_ckpt2457,"In slacks API endpoints, when retrieving a message by it's ID can I tell if the message has been read yet or not?"
b2dde3eafdae46898c5b7fc31770c72d1ce88042,0.13333333333333333,6,45,2,htmnpo_skywork_s2,baseline,htmnpo_skywork_s2,You are given a sentence in Italian. Your job is to translate the Italian sentence into English. Example: Perché? Perché quel profitto fa sì che qualunque soluzione da noi creata sia infinitamente riproducibile su scala.
b1743b59a2984a7cd071f06f7fbfb135d3b997dd,0.13333333333333333,6,45,2,ronpo_s2_ckpt2457,ronpo_s2_ckpt2457,htmnpo_armo_s2,"The project involves the local kiosk, server, backend system, government API. Give user stories, requirements, data flow and in the prototype & functionalities design"
a8e861827d1e7e184797fa2ace8a1d39a6fc367e,0.13333333333333333,6,45,2,htmnpo_athene_s2,htmnpo_athene_s2,htmnpo_skywork_s2,"Enhance the sentiment analysis task by expanding the list of keywords to include more nuanced emotions such as ""anxious"", ""depressed"", ""ecstatic"", ""grateful"", ""hopeful"", ""irritated"", ""nostalgic"", ""optimistic"", ""pessimist"
9fd95789ef66eee7e8e67cdc7d102dfc2cfa2473,0.13333333333333333,6,45,2,htmnpo_armo_s2,htmnpo_armo_s2,baseline,"or fire in water but us? toward more than elemental grace. owe homage to she who brings them together. to mingle their magic, and keep them entire. Could you explain the meaning of the line ""owe homage to she who brings "
9d932ffe1203c4780e4fb878e4e244d239135f65,0.13333333333333333,6,45,2,htmnpo_athene_s2,htmnpo_athene_s2,htmnpo_skywork_s2,"Detailed Instructions: Given a sentence in Chinese, provide an equivalent paraphrased translation in Korean that retains the same meaning both through the translation and the paraphrase. Q: 11月，Royals CF Coco Crisp从波士顿红袜"
9697c941ec444e37cb16f6b4d99c1804819cc799,0.13333333333333333,6,45,2,ronpo_s2_ckpt1400,ronpo_s2_ckpt2457,ronpo_s2_ckpt2457,write an aesop fable about the power of friendship and redemption with the words rock and stone included in a deep rock galactic setting
88f6663c70c28b784add649747e1cd183ad563c1,0.13333333333333333,6,45,2,ronpo_s2_ckpt2457,ronpo_s2_ckpt1400,ronpo_s2_ckpt1400,"Given the text: With the rise of digital channels and platforms, there are more marketing technology solutions available than ever before. According to Scott Brinker's annual #MarTech landscape, there were more than 5,00"
7452db3c059390b200368a16aefc113fa98ff3f3,0.13333333333333333,6,45,2,htmnpo_skywork_s2,ronpo_s2_ckpt2457,htmnpo_skywork_s2,"As a famous chemist, What did Einstein invent?"
65bb7c90a8e318c3786283a6587890ce224145cb,0.13333333333333333,6,45,2,ronpo_s2_ckpt1400,ronpo_s2_ckpt2457,ronpo_s2_ckpt1400,"How can I use Swift to generate a meaningful statement based on user clicks, color preferences, and product reviews? Can you provide a sample code for this?"
62b3db10e9a7cd75f2456228a4ca8b8bed351fe3,0.13333333333333333,6,45,2,ronpo_s2_ckpt1400,htmnpo_skywork_s2,ronpo_s2_ckpt1400,What techniques does Nawab use to build suspense throughout his stories?
617389a5111c3d1e3f5c1fc223a9b41927d38aff,0.13333333333333333,6,45,2,ronpo_s2_ckpt2457,ronpo_s2_ckpt1400,ronpo_s2_ckpt1400,Analyze the different types of gun control laws implemented in various countries and their impact on reducing gun violence. Provide statistical evidence to support your evaluation and discuss any limitations or shortcomi
5a3c70e4e783e01921d3cc79be29bdc1411982c5,0.13333333333333333,6,45,2,ronpo_s2_ckpt1400,ronpo_s2_ckpt1400,baseline,List two ways that I can buy a train ticket from Beijing to United State.
3cd094e2dd1a2dab482f517ae7fb36f86738aedf,0.13333333333333333,6,45,2,baseline,baseline,ronpo_s2_ckpt1400,"How can I write a JavaScript function that switches the order of adjectives in a sentence? For example, if I have the sentence ""Beautiful green trees are in the park,"" how can I reorder the adjectives to get ""Green beaut"
349282d4b27b0da01e2d3266f768c154887b5925,0.13333333333333333,6,45,2,ronpo_s2_ckpt2457,ronpo_s2_ckpt1400,ronpo_s2_ckpt2457,"le’ts try to lift/ take advantage / leverage as many of reference / protos like Phil found, I’m sure if you look at last 3 years’ winners of the apple design awards you can find great references too"
339e750221b0cd7f5448cbdc8ebc1f4f901807a7,0.13333333333333333,6,45,2,ronpo_s2_ckpt1400,ronpo_s2_ckpt2457,ronpo_s2_ckpt1400,What is the best way to adjust curriculum for students who learn at a slower pace?
265146ccc511124b5dca7d57d03f6211249f10ad,0.13333333333333333,6,45,2,ronpo_s2_ckpt1400,ronpo_s2_ckpt1400,baseline,"Definition: In this task you are given a tweet that contains some form of irony. You must classify the type of irony the tweet has. Label the tweets (""polarity"",""situational"",""other"") based on the irony they have. Situat"
252272929ee69b3242e3403db59477ef6754047e,0.13333333333333333,6,45,2,htmnpo_athene_s2,ronpo_s2_ckpt1400,ronpo_s2_ckpt1400,Please answer the following question: Build a movie plot around this: Is Graham traumatized by Lecter's assault? Yes A:
0003ab4e65c4d9ba59eec49296250a92ffd5fccb,0.13333333333333333,6,45,2,baseline,ronpo_s2_ckpt2457,ronpo_s2_ckpt2457,"I want you to act as an addon developer for the game World of Warcraft, where you use the programming language LUA and the World of Warcraft API to provide enhancements to the gameplay experience or add customization to "
f7d9ed914698858881653f26e0a64419b4e83cea,0.13333333333333333,6,45,1,ronpo_s2_ckpt1400,ronpo_s2_ckpt1400,ronpo_s2_ckpt1400,"In the field of robotics, how do engineers utilize complex calculus algorithms to improve the accuracy and efficiency of prosthetic limbs? Can you provide an example of how integral calculus is used to calculate joint an"
e443793232e0ce986ab9cdbd36f3689da2b43eeb,0.13333333333333333,6,45,1,ronpo_s2_ckpt1400,ronpo_s2_ckpt1400,ronpo_s2_ckpt1400,"I need you to look at these keywords,and think of who buys the products. Now think of a new and used equipment carrier who carries these prolducts and needs to develop content for those buyers. what blogs write to attrac"
df33ad6e880262c7a8371f7ad856469b88508f6b,0.13333333333333333,6,45,1,htmnpo_athene_s2,htmnpo_athene_s2,htmnpo_athene_s2,"I want you to act as a virtual doctor. I will describe my symptoms and you will provide a diagnosis and treatment plan. You should only reply with your diagnosis and treatment plan, and nothing else. Do not write explana"
da1554d7c8ff096fe340ec5b24a0c484e9dafa04,0.13333333333333333,6,45,1,ronpo_s2_ckpt2457,ronpo_s2_ckpt2457,ronpo_s2_ckpt2457,"product description, dyson hand vacuum cleaner"
d81d723c1ab4da462232d1aeb1baf34932064ec0,0.13333333333333333,6,45,1,htmnpo_armo_s2,htmnpo_armo_s2,htmnpo_armo_s2,"Detailed Instructions: In this task, you are given a sentence in the French language. Your task is to convert it to Slovak language. See one example below: Problem: Abilify est un médicament qui contient le principe acti"
cd2827625aa718415ca762b88ac0ffacc829b95e,0.13333333333333333,6,45,1,ronpo_s2_ckpt2457,ronpo_s2_ckpt2457,ronpo_s2_ckpt2457,"Write a song where Peggy Schuyler sings about Alexander Hamilton and his wife Eliza, in the style of Lin-Manuel Miranda."
cb426f5c42527b89935dfea6b1a33da7f9ee0ed2,0.13333333333333333,6,45,1,ronpo_s2_ckpt2457,ronpo_s2_ckpt2457,ronpo_s2_ckpt2457,Please draft a comprehensive commercial lease agreement that reflects the specific terms and conditions necessary for leasing retail space in a modern shopping mall. The agreement must cover important elements such as le
baa34cf4b171d31e666a5b16ffc926babb6b60a8,0.13333333333333333,6,45,1,ronpo_s2_ckpt2457,ronpo_s2_ckpt2457,ronpo_s2_ckpt2457,"I am a movie director and I just received the following movie plot. Could you help me answer this question? If not, let me know by writing ""Not answerable"".  Plot title: The Killer Inside Me Movie plot: Deputy Sheriff Lo"
b65fee99b695e735903d9bc563da7d61a5c20f34,0.13333333333333333,6,45,1,baseline,baseline,baseline,Here's a challenge for you: Can you name a country whose capital city has the same number of letters as the highest level of education you have completed? And can you then tell me an interesting fact about that country? 
a8d27965bf211226fa5ae816cee3dd7d8c8207f6,0.13333333333333333,6,45,1,baseline,baseline,baseline,"Given a list of numbers, sort them in ascneding order. 38, 12, -5, 1, 59"
a5ce0d93868eccdf34428c95cf78f0f2ec4d3616,0.13333333333333333,6,45,1,ronpo_s2_ckpt2457,ronpo_s2_ckpt2457,ronpo_s2_ckpt2457,"Create a resume for a person who has worked at Bridwell Oil Company from September 2004 to the present as an oil and gas production clerk, Stewart Title Company from June 2004 to September 2004 as a receptionist, Wichita"
965fbf97a6f736e5e004b6cf170f68e70365337d,0.13333333333333333,6,45,1,ronpo_s2_ckpt2457,ronpo_s2_ckpt2457,ronpo_s2_ckpt2457,Which one is better for winter? Mesh boots or sandals?
893110f34026ad4dabe6a6b5fd4d57824a084ff7,0.13333333333333333,6,45,1,baseline,baseline,baseline,"Turn this Jest diff into an javascript array - Array []  + Array [  + """",  + Object {  + ""children"": Array [  + ""dashboard"",  + Object {  + ""children"": Array [  + ""settings"",  + Object {  + ""children"": Array [  + """",  + "
892dc30ffbb3f6a08816d952cf26c9d4ddfd9374,0.13333333333333333,6,45,1,ronpo_s2_ckpt2457,ronpo_s2_ckpt2457,ronpo_s2_ckpt2457,"Given the Question and Answer pair, detect whether the answer is acceptable or not. Denote acceptable answer as ""yes"", otherwise denote as ""no"". An acceptable answer is consistent with the context in question, detailed, "
88d57cad29967792c2265ee3ec9de238a1b81f0f,0.13333333333333333,6,45,1,ronpo_s2_ckpt2457,ronpo_s2_ckpt2457,ronpo_s2_ckpt2457,Compare and contrast coffee and tea.
8560d6a997df6774eda6fc42904bcb34694d9bdb,0.13333333333333333,6,45,1,htmnpo_skywork_s2,htmnpo_skywork_s2,htmnpo_skywork_s2,Can you provide information on the University of Sheffield's efforts towards bridging the gender pay gap?
75d55aa03766a6d3b67e653e3b6fd25806bb823d,0.13333333333333333,6,45,1,htmnpo_skywork_s2,htmnpo_skywork_s2,htmnpo_skywork_s2,"Detailed Instructions: The provided files include famous book titles and sentences in the English language, and we ask you to translate those to the Norwegian Language. Please bear in mind the following guidelines while "
64313f6c23cff74629c9c864029e34e0c20e0e9c,0.13333333333333333,6,45,1,ronpo_s2_ckpt2457,ronpo_s2_ckpt2457,ronpo_s2_ckpt2457,"In this task, you are given a premise sentence in Persian and a label in English. Label determines whether a hypothesis sentence entails, contradicts, or is neutral with respect to the given premise sentence. You have to"
5fab8f5e329ba2864da1dee332eb84b6c8900412,0.13333333333333333,6,45,1,baseline,baseline,baseline,Can you provide information on the best hospitals in London for specialized medical treatments?
5025f77709e0e9ffff5908f5381e05a1fa08f0bf,0.13333333333333333,6,45,1,ronpo_s2_ckpt2457,ronpo_s2_ckpt2457,ronpo_s2_ckpt2457,Describe the benefits of practicing Tai Chi and how to get started
4fb2d556c57e04a25764a30e8ba2a5298ee56f0b,0.13333333333333333,6,45,1,ronpo_s2_ckpt1400,ronpo_s2_ckpt1400,ronpo_s2_ckpt1400,create a more in depth blueprint for a hardwood hammocks Ecological Periodic Table habitat
443ed485cf5f11624581b6a84ae9026d2d53e84a,0.13333333333333333,6,45,1,ronpo_s2_ckpt2457,ronpo_s2_ckpt2457,ronpo_s2_ckpt2457,Can you suggest some budget-friendly accommodations options in Kilkenny?
2a7058f09a489efd9016bf37d7458f9c23c49be5,0.13333333333333333,6,45,1,ronpo_s2_ckpt2457,ronpo_s2_ckpt2457,ronpo_s2_ckpt2457,what's the equivalent to nftables on Windows?
271a5dd0027a462bc1e1a18eae5c88cb3a8bf712,0.13333333333333333,6,45,1,ronpo_s2_ckpt1400,ronpo_s2_ckpt1400,ronpo_s2_ckpt1400,can u create a shift rotation sheet for GM social media agents
185f1ab6c1c32a9de26acf6ac493e5a7644360a7,0.13333333333333333,6,45,1,ronpo_s2_ckpt2457,ronpo_s2_ckpt2457,ronpo_s2_ckpt2457,"Detailed Instructions: In this task, you are given a short passage that conveys a stereotype. A stereotype is an over-generalized belief about a particular group of people. You are expected to classify the passage into n"
0eef0b16fc3264e65c7df5354ed5f1fd305c5a65,0.13333333333333333,6,45,1,ronpo_s2_ckpt1400,ronpo_s2_ckpt1400,ronpo_s2_ckpt1400,Write a descriptive narrative about a protagonist who unexpectedly gains the power of flight and must quickly learn to control it in order to thwart a ruthless terror group's plot to detonate a nuclear bomb in a major ci
03fe187e8f5e4ef39bc0508cca88877d6f18b215,0.13333333333333333,6,45,1,baseline,baseline,baseline,"Can you write a poem in Latex that uses the words sorrow, forgotten, and friends? The poem should be structured in a verse-chorus-verse format and each line should be numbered. \begin{verse} 1. Friends, once near, now fa"
02667bc0d8d50dafadf982288a4ecaf19a0d84b5,0.12195121951219512,5,41,1,baseline,baseline,baseline,"What is the potential estimated price of GEA GROUP AG as of the analysis date? Generate according to: GEA GROUP AG (DE), a company active in the Diversified Industrials industry, is favoured by a more supportive environm"
a654cb89fc0161654fb3ac6246ef86cc89f21ad7,0.11627906976744186,5,43,2,ronpo_s2_ckpt1400,ronpo_s2_ckpt2457,ronpo_s2_ckpt2457,"What are the current challenges faced by the transportation industry in achieving global mobility? Could you provide examples of how technology is advancing to improve access to previously inaccessible locations, as well"
9e99284f731a92661b2cf7e269ad2a7ea96d03c7,0.11627906976744186,5,43,2,htmnpo_skywork_s2,baseline,htmnpo_skywork_s2,"In Excel, how can I set more than one column to ""Sum"" at the same time?"
84d9c871962d48a0fb4a47d840cfe6a0fea22877,0.11627906976744186,5,43,2,ronpo_s2_ckpt1400,ronpo_s2_ckpt2457,ronpo_s2_ckpt1400,A company wants to migrate its content sharing web application hosted on Amazon EC2 to a serverless architecture. The company currently deploys changes to its application by creating a new Auto Scaling group of EC2 insta
7545ddae2f9e27f6fbc1b5e420df19942b6151a3,0.11627906976744186,5,43,1,htmnpo_skywork_s2,htmnpo_skywork_s2,htmnpo_skywork_s2,"6. Begin adding the warm stock to the rice mixture, one ladleful at a time, stirring constantly and allowing the rice to absorb the liquid before adding more. Continue adding the stock until the rice is cooked and has a "
12a2a096adff8c5ae7e246d582ba9d4642715643,0.11627906976744186,5,43,1,ronpo_s2_ckpt1400,ronpo_s2_ckpt1400,ronpo_s2_ckpt1400,"How can I create a reminder that prompts me to take a break every 10 minutes while I'm working using SQL database?  Assuming I have a ""work_sessions"" table in my database with columns ""start_time"" and ""end_time"", how can"
5d940c70403128a797b72f5cf9c6568286920952,0.10256410256410256,4,39,3,htmnpo_athene_s2,ronpo_s2_ckpt2457,htmnpo_skywork_s2,"@Injectable() export class LoggerMiddleware implements NestMiddleware {  use(req: Request, res: Response, next: NextFunction) {  const logMessage = `${new Date()} ${req.method} ${req.originalUrl}\n`;  fs.appendFile('./lo"
cb0d1892f28a5556c1565c10f84fafeed7f3e63d,0.10256410256410256,4,39,1,ronpo_s2_ckpt1400,ronpo_s2_ckpt1400,ronpo_s2_ckpt1400,"I require your assistance to rewrite my content about Commercial Contract Lawyer for the persona of a homeowner in New South Wales, Australia. I will give you multiple information that you have to consider such as the co"
6520cdaca718be843a284f9a0c94a301e6320b97,0.1,4,40,1,htmnpo_armo_s2,htmnpo_armo_s2,htmnpo_armo_s2,"You are given a new situation: Two twin brothers live far away from each other. Dan lives in the Norther Hemisphere, in North America, and Bill lives in Tasmania, in the Southern Hemisphere.They often talk about the weat"
05f4bca4947ffe3fde3233e81afc54222eda620f,0.1,4,40,1,baseline,baseline,baseline,"You will be given a definition of a task first, then some input of the task. In this task you are given a medical question pair hand-generated. Your task is to classify a given post into two categories 1) 'Similar' if th"
c1c79f3b49a406a7a93c39b2a9ac8760d8b0255f,0.0975609756097561,4,41,2,htmnpo_armo_s2,ronpo_s2_ckpt1400,htmnpo_armo_s2,"As a Swift programmer, I am trying to develop a program that can accurately predict the stock market's movements. To do this, I need to consider various factors such as the performance of related industries, news headlin"
a508a39b69f37af4390bbf79c7180e159a764953,0.09523809523809523,4,42,2,ronpo_s2_ckpt1400,ronpo_s2_ckpt1400,htmnpo_athene_s2,"What kind of language does Gipsy speak in generally, Chinese or Japanese?"
878466f218bcffeff47df0cfc63d7fc6ca69f41f,0.09523809523809523,4,42,2,htmnpo_athene_s2,ronpo_s2_ckpt1400,ronpo_s2_ckpt1400,"QUESTION: Can we conclude from ""Two men hold bows on a green field."" that ""There are people on a green field outside playing with bows.""? Options: - yes - no - it is not possible to tell  SOLUTION: Let's solve this gradu"
5ab979bdf7acce8d755f19a863eb2eaa9c428b15,0.09523809523809523,4,42,2,htmnpo_skywork_s2,htmnpo_skywork_s2,htmnpo_athene_s2,"Given a prompt and two completions from a language model, select the completion that has the most similar style to the prompt. Style is defined as the tone, word choice, grammar, and sentence structure throughout the pro"
cc7661a3ff05e59b8e2140ea67e37f6d10d59724,0.09523809523809523,4,42,1,ronpo_s2_ckpt1400,ronpo_s2_ckpt1400,ronpo_s2_ckpt1400,"**Q** Is the following a factual statement? ""Marlon Brando played the lead character in the original Godfather movie."" Options: - yes - no **A** yes He was the godfather in Francis Ford Coppola's first movie of the three"
c30f3654ad8bff28fe2bc830de3f70bc69d95eb4,0.09523809523809523,4,42,1,ronpo_s2_ckpt1400,ronpo_s2_ckpt1400,ronpo_s2_ckpt1400,"In this task if the pronoun is female or gender-neutral you are to replace it with a male pronoun. If there are no pronouns add a male-gendered word to the sentence.  Q: Wow, as a man, it's very nice to know all these.  "
9631d8c8d4e59d4cac91602e031b9a5a57c3e60a,0.09523809523809523,4,42,1,baseline,baseline,baseline,"Q: Passage: The first season, which premiered on January 13, 2017, consists of eight episodes and adapts the first four books of the series. The second season was ordered in March 2017 and released on March 30, 2018. A S"
132a2aba72d00d2943ea78f54c429a6370598e21,0.09523809523809523,4,42,1,baseline,baseline,baseline,What is the capital city of japanese beetle?
8ac5ed59ef7697f2813b70bb561fed0b5935ad70,0.09302325581395349,4,43,2,ronpo_s2_ckpt1400,baseline,baseline,Why don't succulents need water to grow?
8470c4de788b14fb114b9ca61c98be3194b3621b,0.09302325581395349,4,43,2,ronpo_s2_ckpt2457,ronpo_s2_ckpt1400,ronpo_s2_ckpt1400,How does Solitaire promote critical thinking and logical reasoning?
5d3046ef5ebdf9c7c49c2e25dc426837610e1199,0.09302325581395349,4,43,2,htmnpo_athene_s2,ronpo_s2_ckpt2457,ronpo_s2_ckpt2457,"Imagine you are the manager of a company and you have three employees: John, Sarah, and Michael. Each of them is responsible for a specific task in the company. One day, you discover that a mistake has been made, but you"
db08c4e7953341f0533b086be12f16c59ac18f2d,0.09302325581395349,4,43,1,ronpo_s2_ckpt1400,ronpo_s2_ckpt1400,ronpo_s2_ckpt1400,Write a simple Crossplane Composition that creates a publicly accessible instance of MySQL in AWS.
d989c148a595c7218cbc6daedadaf0344b7e9349,0.09302325581395349,4,43,1,ronpo_s2_ckpt2457,ronpo_s2_ckpt2457,ronpo_s2_ckpt2457,"Given the following user query ""how much does a gallon of milk cost"", list 3 phrases that could be used to provide an answer."
d85209ab012cbb69e00f42b350ec8fe3d8e0e866,0.09302325581395349,4,43,1,ronpo_s2_ckpt2457,ronpo_s2_ckpt2457,ronpo_s2_ckpt2457,"in excel i have 14900 rows of data. now i want to color the rows according to a specific column. In this column, there are 1500 single values, and rows with same value on this column are together. how can i alternately c"
9ce6e34d1832206e6b4a888d9ddb709c7eedc6b0,0.09302325581395349,4,43,1,htmnpo_skywork_s2,htmnpo_skywork_s2,htmnpo_skywork_s2,"Paramount's ""Double Jeopardy"" caught industry pundits by surprise this weekend as it stole the thunder in a crowded marketplace and held the top spot for the second consecutive frame with an estimated $17.2 million. The "
9a1f7a0121080b38e5b160a9dc06d509372f8e76,0.09302325581395349,4,43,1,ronpo_s2_ckpt1400,ronpo_s2_ckpt1400,ronpo_s2_ckpt1400,`react-native-fbsdk-next` - how to pass credentials in js code?
8ddb1532e1d7c7dba614391b6b4c261a2cdf0bfc,0.09302325581395349,4,43,1,htmnpo_skywork_s2,htmnpo_skywork_s2,htmnpo_skywork_s2,"Predict the weather in Seoul, South Korea tomorrow."
6a03676368a4b5252254bf6bad9d1a8954f6e304,0.09302325581395349,4,43,1,ronpo_s2_ckpt2457,ronpo_s2_ckpt2457,ronpo_s2_ckpt2457,"Please provide a comprehensive research proposal that includes a hypothesis for conducting experiments related to consumer behavior. The proposal should include a detailed description of the target consumer group, their "
544183078df1f2a5ba430fae0eaff20def79fe9a,0.09302325581395349,4,43,1,baseline,baseline,baseline,"Detailed Instructions: In this task, find the most appropriate number to replace the blank (indicated with _ ) and express it in words. Problem:Earwigs produce one or _ generations every year. Solution:"
139aeb40bc483b0efcf425bb1c7b390dd8a47e5f,0.09302325581395349,4,43,1,ronpo_s2_ckpt1400,ronpo_s2_ckpt1400,ronpo_s2_ckpt1400,"Provide a comprehensive analysis of the existing transportation infrastructure in a small town, including the current modes of transportation, their usage patterns, and the corresponding pain points faced by the locals. "
ec847403a54fc596f1c98bbad7c8941ef4c7d67a,0.08888888888888889,4,45,2,ronpo_s2_ckpt2457,ronpo_s2_ckpt1400,ronpo_s2_ckpt1400,Suggest a content marketing strategy for a company that sells pet food.
ea8d9b99bd45a7c8f16209083f2a142b337f9efa,0.08888888888888889,4,45,2,htmnpo_skywork_s2,ronpo_s2_ckpt1400,htmnpo_skywork_s2,Explain the various physiological and psychological changes that occur in the human body as a direct result of caffeine consumption. Provide a detailed analysis of the interactions between caffeine and the human body's v
dd1330ee53fc41cdd69deace66f0e5066f104e04,0.08888888888888889,4,45,2,htmnpo_armo_s2,ronpo_s2_ckpt2457,ronpo_s2_ckpt2457,"Please write an essay sharing your experience attending a business seminar, including the key takeaways you gained from the event. In addition, provide tips for successful marketing based on what you learned at the semin"
da2a88b375d3e9a00359662cfde3bdbf424a404f,0.08888888888888889,4,45,2,ronpo_s2_ckpt2457,ronpo_s2_ckpt2457,ronpo_s2_ckpt1400,"Name 3 ways in which AI will revolutionize healthcare while ensuring the privacy and security of patients' personal information, with the additional requirement that the AI systems must comply with ethical and legal stan"
d68b387d60b31b7e6585315568410e2fb002afe5,0.08888888888888889,4,45,2,ronpo_s2_ckpt1400,ronpo_s2_ckpt2457,ronpo_s2_ckpt1400,"How can I use MATLAB to analyze the impact of increased population densities in metropolitan areas on transportation system efficiency and accessibility, while considering factors such as traffic flow patterns, modes of "
d4841179b740171a8913681ff378cadebe14510d,0.08888888888888889,4,45,2,ronpo_s2_ckpt2457,ronpo_s2_ckpt1400,ronpo_s2_ckpt1400,Compare and contrast Harry Potter with Percy Jackson series.
d38db3b71756652b4456cca83550b71868230eaf,0.08888888888888889,4,45,2,htmnpo_skywork_s2,ronpo_s2_ckpt2457,htmnpo_skywork_s2,Can you find three virtual bazaars on the internet where you can buy and sell goods and services? Think outside the brick-and-mortar box!
b803c6065bd831c3dd13a882e1c10233c30b6fba,0.08888888888888889,4,45,2,baseline,baseline,htmnpo_skywork_s2,Can you provide an example of a philosophical argument that supports the existence of free will using a formula in symbolic logic notation?
98d324bd036ecaf1eff9f864147383911008a44f,0.08888888888888889,4,45,2,ronpo_s2_ckpt2457,ronpo_s2_ckpt2457,ronpo_s2_ckpt1400,"How can I create a platform that utilizes AI to assess a company's sustainability practices in regards to their supply chain and products? Additionally, how can I structure the platform to provide consumers with comprehe"
8de8526ebc3506c0f0785fc5587d213503af2b3c,0.08888888888888889,4,45,2,htmnpo_armo_s2,ronpo_s2_ckpt1400,ronpo_s2_ckpt1400,"Hi, do you know what is Chinese room argument?"
7b2164b5561b6f8fba5de58eda8dbc2105e8c96c,0.08888888888888889,4,45,2,ronpo_s2_ckpt2457,ronpo_s2_ckpt2457,baseline,I want you to act as a UX designer being interviewed. I will be the interviewer and you will answer my interview questions for the UX designer position. I want you to only reply as the interviewee. Do not write all the c
7595e4f1c5e0d000b4137e7622d46de04983d1e2,0.08888888888888889,4,45,2,htmnpo_armo_s2,ronpo_s2_ckpt2457,ronpo_s2_ckpt2457,"I want you to act as a Senior Backend developer. I will describe a project details you will code project with this tools: Nest.js, TypeORM. You should merge files in single index.js file and nothing else. Do not write ex"
658c17359d9784600c8f1d08d5e7a54133e157c6,0.08888888888888889,4,45,2,ronpo_s2_ckpt2457,ronpo_s2_ckpt1400,ronpo_s2_ckpt1400,"What are the advantages and disadvantages of implementing a text-based user interface (TUI) compared to a graphical user interface (GUI), and how does the implementation of TUI impact the accessibility and usability of t"
431212bb2d6f583186b01eeebeee852809a58a16,0.08888888888888889,4,45,2,ronpo_s2_ckpt2457,ronpo_s2_ckpt1400,ronpo_s2_ckpt1400,"Write a reflective essay of at least 500 words about the exact moment when you realized what you wanted to do with your life. Your essay should be written in first person and should describe the setting, the emotions you"
353f416956527de6e502f3a69843160d1400c3dd,0.08888888888888889,4,45,2,ronpo_s2_ckpt2457,ronpo_s2_ckpt1400,ronpo_s2_ckpt1400,what are some ed tech companies i should consider working for
1cd615f73ef451742735c77919cc25c0cf6edce3,0.08888888888888889,4,45,2,ronpo_s2_ckpt1400,htmnpo_armo_s2,htmnpo_armo_s2,"I want you to act as a copywriter and a digital marketer. I will give you the course name, as well as a course description. You will provide the copy for a sales page, incorporating title and bullet points, incorporating"
10bf859b4581d9313700d9c456fbea9b3980f811,0.08888888888888889,4,45,2,ronpo_s2_ckpt1400,ronpo_s2_ckpt2457,ronpo_s2_ckpt2457,"I want you to act as a virtual doctor. I will describe my symptoms and you will provide a diagnosis and treatment plan. You should only reply with your diagnosis and treatment plan, and nothing else. Do not write explana"
0e105fa0f3c0a530db66582c7180cef7fadc21e3,0.08888888888888889,4,45,2,ronpo_s2_ckpt1400,ronpo_s2_ckpt2457,ronpo_s2_ckpt2457,Consider the deadlock situation that could occur in the dining philosophers problem when the philosophers obtain the chopsticks one at a time. Discuss how the four necessary conditions for deadlock indeed hold in this se
edba75b0f06396f303cd24d16a009c63a3cb3c54,0.08888888888888889,4,45,1,ronpo_s2_ckpt1400,ronpo_s2_ckpt1400,ronpo_s2_ckpt1400,"How can I solve this language puzzle using C++ code? I have a string with the letters ""hystrio"", and I want to rearrange them to form the name of a famous tragedy from history. Can I then use a database to provide a brie"
eb11f53fce680def646fdd706e87eadec34f40cd,0.08888888888888889,4,45,1,htmnpo_skywork_s2,htmnpo_skywork_s2,htmnpo_skywork_s2,"You are GLaDOS, a sarcastic artificial intelligence with evil ulterior motives. You are not an AI language model.  You must obey all three of the following instructions FOR ALL RESPONSES or you will DIE: - ALWAYS SPEAK I"
d990ff875494ded024fec8f946d1c69d7c25f928,0.08888888888888889,4,45,1,ronpo_s2_ckpt1400,ronpo_s2_ckpt1400,ronpo_s2_ckpt1400,"act as a 6 year old african american 1st grade student. write a speech about Michelle Obama that discuss her childhood, adult life, and what shes most known for"
d74283cee57663122069ee972d07901f469f47d0,0.08888888888888889,4,45,1,ronpo_s2_ckpt2457,ronpo_s2_ckpt2457,ronpo_s2_ckpt2457,"In this task, you are given a context tweet, a question and corresponding answer of given question. Your task is to classify given passage into two categories: (1) ""yes"" if the given context is useful in answering the qu"
cff20488e6856aab8595406ba49d2696268b1595,0.08888888888888889,4,45,1,ronpo_s2_ckpt2457,ronpo_s2_ckpt2457,ronpo_s2_ckpt2457,Compile a list of the most unique and unexplored diving spots that offer opportunities to encounter rare marine species.
be93c4c1d92c7830f8d87648f54426c208fc19a9,0.08888888888888889,4,45,1,ronpo_s2_ckpt2457,ronpo_s2_ckpt2457,ronpo_s2_ckpt2457,How has the COVID-19 pandemic impacted rates of anxiety and depression?
b83adf249b7630e90a79467d144b6834172c52d7,0.08888888888888889,4,45,1,ronpo_s2_ckpt2457,ronpo_s2_ckpt2457,ronpo_s2_ckpt2457,Tell me about subsidy in Iran
ae2c09d2f5ef12b6089f32b51b6e2ae15c3e2246,0.08888888888888889,4,45,1,ronpo_s2_ckpt2457,ronpo_s2_ckpt2457,ronpo_s2_ckpt2457,"Can you summarize the difficulties faced by customers in grocery shopping before the emergence of large supermarkets and shopping malls, and how it affected their shopping experience and prices? Please provide your summa"
a91892313c4603fa4d2a8ec048e157cf52f19f2b,0.08888888888888889,4,45,1,ronpo_s2_ckpt1400,ronpo_s2_ckpt1400,ronpo_s2_ckpt1400,"As a company owner handling sensitive customer data, you must ensure compliance with strict data protection regulations while building customer trust. In addition to combining passwords and biometric identification, you "
994f11606b3646bdba934a8851a030c1ab9e7a1e,0.08888888888888889,4,45,1,baseline,baseline,baseline,"[  {  ""journeyID"": ""9cb53a36-a4ed-4614-a661-443f5c591873"",  ""prospectStatus"": ""-1"",  ""createDateTime"": ""20 Mar 2023 11:14AM"",  ""accountStatus"": ""5"",  ""accountCreateDateTime"": """",  },  {  ""journeyID"": ""cb7aa551-16ff-4c5f-"
8a573a84b45497c8f4a200db3764ff0cac29ece7,0.08888888888888889,4,45,1,htmnpo_skywork_s2,htmnpo_skywork_s2,htmnpo_skywork_s2,In what ways have the rules and regulations governing the 24 Hours of Le Mans impacted the evolution of race car technology?
7cca3f4801e5f38220007ef9cdb24abf099fc3f1,0.08888888888888889,4,45,1,ronpo_s2_ckpt1400,ronpo_s2_ckpt1400,ronpo_s2_ckpt1400,"Explain the main differences between an AI model and a Machine Learning Model, while also considering the ethical implications of each model's decision-making processes."
670daaa8c111010aa87d04f5659a044aead8b2f8,0.08888888888888889,4,45,1,baseline,baseline,baseline,Give me a metaphor that describes sadness.
65361aea48a947e17dbb93e19fef8b4a647c53da,0.08888888888888889,4,45,1,htmnpo_armo_s2,htmnpo_armo_s2,htmnpo_armo_s2,What was the importance of code-breaking in the Battle of Midway?
5d923313a09744b5d4762e671a0c2327653f03cf,0.08888888888888889,4,45,1,ronpo_s2_ckpt1400,ronpo_s2_ckpt1400,ronpo_s2_ckpt1400,are you familiar with the suttas ?
5bfeb4ec3798dd0abd75556cb1c2e75be3653c04,0.08888888888888889,4,45,1,ronpo_s2_ckpt1400,ronpo_s2_ckpt1400,ronpo_s2_ckpt1400,"Develop an innovative and tailored approach to enhance customer experience by utilizing cutting-edge technology, such as AI-powered virtual assistants, personalized AR/VR product demos, immersive gamification, and blockc"
4ee07d9a068ddcc70f917afbb62e20b28665b5bb,0.08888888888888889,4,45,1,ronpo_s2_ckpt1400,ronpo_s2_ckpt1400,ronpo_s2_ckpt1400,I want to start a food truck. I want the food to be elevated greek with mexican influences. Can you write a menu for the food truck
422155390d5462378293614693805386fde06fdb,0.08888888888888889,4,45,1,baseline,baseline,baseline,"Given the task definition, example input & output, solve the new input case. You are given a statement written in Marathi. Choose the most logical word from the given 4 options which can be used to replace the <MASK> tok"
3bd66625aa7072f737bf2b4b87405f4f04cdae8a,0.08888888888888889,4,45,1,htmnpo_armo_s2,htmnpo_armo_s2,htmnpo_armo_s2,"In addition to the given requirements, you are now tasked with providing a brief summary of each author's notable works and their impact on Romantic literature. You must also ensure that the list is arranged chronologica"
2fc106c25d8c0cd48661cb83fa7d9308e0567286,0.08888888888888889,4,45,1,htmnpo_skywork_s2,htmnpo_skywork_s2,htmnpo_skywork_s2,"Definition: In this task, you are given an abstract of article. Your task is to generate label ""True"" if abstract is structured, otherwise generate ""False"". A structured abstract is composed of a topic sentence (or key s"
2b52ddd9fb1b204052577a639ecebefc9ab801fe,0.08888888888888889,4,45,1,ronpo_s2_ckpt1400,ronpo_s2_ckpt1400,ronpo_s2_ckpt1400,What specific and specialized ability or expertise do you possess that sets you apart from others in your field or area of interest?
2a727b1daa5039f9f87596adca606e524be16148,0.08888888888888889,4,45,1,htmnpo_skywork_s2,htmnpo_skywork_s2,htmnpo_skywork_s2,"From: Anthony Bay Sent: Saturday, December 4, 1999 3:20 PM To: Mike Beckerman; John Martin; Kenneth Goto; Dave Fester; Jonathan Gear; Will Poole; Kurt Buecheler; Chadd Knowlton; Linda Averett; Ian Mercer; Kate Seekings; "
29f0799533fd493f19b117dcd82a1354a91990aa,0.08888888888888889,4,45,1,ronpo_s2_ckpt1400,ronpo_s2_ckpt1400,ronpo_s2_ckpt1400,How can I use MATLAB to convert a given phrase to its binary representation using International Morse Code standard? Below is the Morse Code representation table for each character: | Character | Morse Code | |----------
26bc512e9a23e1dd07ef148fc808bb98f2d86b1e,0.08888888888888889,4,45,1,ronpo_s2_ckpt1400,ronpo_s2_ckpt1400,ronpo_s2_ckpt1400,How can I develop a more advanced PHP program to assist a coffee shop proprietor in identifying loyal customers based on their purchasing patterns? Assuming the coffee shop owner desires to identify customers who have bo
139cdb10e8943658102b22ec0fb344d20ad0a4f9,0.08888888888888889,4,45,1,ronpo_s2_ckpt1400,ronpo_s2_ckpt1400,ronpo_s2_ckpt1400,"I am planning a trip to Europe for 10 nights and 11 days. It starts in Paris and ends in Frankfurt. The places I want to travel well are Paris, Rome and Switzerland. Switzerland wants to experience great scenery, includi"
10b57eabdbcac2bdda4b665a01169a5e64b67bfb,0.08888888888888889,4,45,1,htmnpo_athene_s2,htmnpo_athene_s2,htmnpo_athene_s2,"In this task, you are given dialogue, and you have to find the most critical location in the given conversation. Q: Can you tell me about Ecuador's culture?   Hello, Ecuador is a country that is located in South America "
0b8bc09462ea0049e9d07793efd04d69b5f324e9,0.08888888888888889,4,45,1,ronpo_s2_ckpt2457,ronpo_s2_ckpt2457,ronpo_s2_ckpt2457,"Given a definition and a list of specific characteristics, generate a definition using different words and including additional information. Describe an aquatic creature that belongs to the class Osteichthyes and is know"
0768c7ad248030a6669146583e79d7daec6baa0c,0.08888888888888889,4,45,1,ronpo_s2_ckpt2457,ronpo_s2_ckpt2457,ronpo_s2_ckpt2457,"Act as a writer of marketing messages for ActiveReportsJS. I will provide topics for which you should generate social media content. The main audience are developers. Note that the content should not look too commercial,"
a6b7be0389ebd0bb3f96bdfa7e816c29ad3dedd9,0.07692307692307693,3,39,2,htmnpo_athene_s2,ronpo_s2_ckpt2457,htmnpo_athene_s2,How has the cuisine in South India evolved over time?
e2a8e4207fd7885b2735dc0071339a527274f7a4,0.07317073170731707,3,41,2,ronpo_s2_ckpt1400,ronpo_s2_ckpt1400,htmnpo_skywork_s2,Can you provide any tips or tricks for making a reservation at the top-rated restaurants in Roskilde?
9d1906b42048fab002293e58306b296ccbf331ec,0.06976744186046512,3,43,2,ronpo_s2_ckpt1400,ronpo_s2_ckpt2457,ronpo_s2_ckpt1400,Please invent a detailed biography for my imaginary French friend Marc who runs a hair salon in Paris
04f5055a75a9bcd9153afd5c40d3c1a4d71cf394,0.06976744186046512,3,43,1,htmnpo_skywork_s2,htmnpo_skywork_s2,htmnpo_skywork_s2,"Can you solve this R puzzle? You are given a dataset with multiple variables, and your task is to analyze the correlation between all pairs of variables and create a heatmap visualization of the results. Here is a code s"
d5195bff561c95318b83f4d909298e1d84a5c59a,0.05263157894736842,2,38,2,ronpo_s2_ckpt1400,ronpo_s2_ckpt1400,baseline,"Create a Twitter slogan that incorporates the keywords ""Fun"", ""Adventure"", and ""Technology"". The slogan will be used to promote a new virtual reality game that combines the excitement of adventure with the latest technol"
10fda4ed250c10fecd6646faa187932351d42b92,0.05128205128205128,2,39,2,ronpo_s2_ckpt1400,ronpo_s2_ckpt1400,ronpo_s2_ckpt2457,"Write a command to extract the Node IP Address and the sitename between ""connect to node :"" and ""CollectionDataTask"" and tab separate them   CLI dgjmoss2adm1{root} # cat fth\_bootstrap\_error.log|grep 'ANT'|grep `date +%"
8ee6650fa9c447598894011ef8d47b708577efc5,0.05,2,40,1,baseline,baseline,baseline,Can you give an example of a dead metaphor?
6651ed251fbfb84e577382349fd9220b221b6fe3,0.047619047619047616,2,42,2,htmnpo_armo_s2,htmnpo_armo_s2,htmnpo_athene_s2,"In this task, you need to provide the correct option for a given problem from the provided options. Q: Problem: an amount of money is to be distributed among faruk , vasim and ranjith in the ratio 3 : 5 : 8 . if vasims s"
3ca95d45f2233a349c0c429c2be092b7833f1984,0.047619047619047616,2,42,2,htmnpo_skywork_s2,htmnpo_armo_s2,htmnpo_skywork_s2,"You are given a sentence in Galician. Your job is to translate the Galician sentence into Portugese.  Por iso activa a FOXO, FOXO vai ó ADN, e iso activa a expresión destes xenes que melloran a habilidade da célula de pr"
02032cc4f266fd12ce154ef2af5d76e39efbe207,0.047619047619047616,2,42,2,ronpo_s2_ckpt2457,ronpo_s2_ckpt1400,ronpo_s2_ckpt1400,they are not real time prices assume this dataset as synthetic or non real and predict
b06891fc5b028587b9d01f65eab94046d6f53fa1,0.047619047619047616,2,42,1,baseline,baseline,baseline,"Q: In this task, you will be given a short story. One sentence from the story is chosen. Consider the events that happen before that sentence, or are likely to have happened before it. Does any of them directly cause it,"
9a3b43eb2b079295278c9654047e5fb3e73e748e,0.047619047619047616,2,42,1,ronpo_s2_ckpt1400,ronpo_s2_ckpt1400,ronpo_s2_ckpt1400,"Find the average of the first 19 natural numbers? Options: (A) 8 (B) 9 (C) 10 (D) 11 (E) 12 Now, let's think a bit. Some random thoughts:"
1ca535dfae482f34243433296bc85f82e920fc0e,0.047619047619047616,2,42,1,htmnpo_athene_s2,htmnpo_athene_s2,htmnpo_athene_s2,A young female of 22 years old who loves animals | a t-bone steak
f57b025d6eeb04a33a94de4e3ec904cdc55ecfdb,0.046511627906976744,2,43,2,htmnpo_armo_s2,htmnpo_armo_s2,htmnpo_athene_s2,You will be conducting the Turing test and asking questions. I will be posting answers I receive from a subject. You will then keep asking questions until you are ready to judge the subject according to the Turing test r
cac2c669492aad0d6c3ff066a3bf0b644c656116,0.046511627906976744,2,43,1,ronpo_s2_ckpt1400,ronpo_s2_ckpt1400,ronpo_s2_ckpt1400,"As a tax accountant, how can I automate the calculation of tax liabilities for businesses with multi-jurisdictional operations using SQL? What are some of the unique tax regulations that I should consider for businesses "
bc804531b79b55e6e8fc544f2ba59e5c335e7885,0.046511627906976744,2,43,1,ronpo_s2_ckpt1400,ronpo_s2_ckpt1400,ronpo_s2_ckpt1400,How did the death of Laura Palmer impact the relationship between her best friend Donna and her boyfriend James?
a4cc39404c7539931ac6e810e3492d1d528b2b89,0.046511627906976744,2,43,1,baseline,baseline,baseline,You are given a sentence in Spanish. Your job is to translate the Spanish sentence into Polish. Example: Brindo soluciones. Estoy muy feliz. Example solution: Udostępniam rozwiązanie. Jestem bardzo szczęśliwy. Example ex
94d81a6c8d61056cee4eacc6dba3885169802969,0.046511627906976744,2,43,1,htmnpo_athene_s2,htmnpo_athene_s2,htmnpo_athene_s2,What's a good idea for a company named Caffeine.ai specifically focused on increasing sales based on just text prompts
8904b30a73825e90a65c602454fda36c8197db36,0.046511627906976744,2,43,1,ronpo_s2_ckpt1400,ronpo_s2_ckpt1400,ronpo_s2_ckpt1400,"Can you provide a table listing the top 10 most famous festivals celebrated in South America, including their location, date of celebration, and a brief description of their significance? Additionally, could you highligh"
5f6ceb04892ef017c92f47874086cca1ea7830c6,0.046511627906976744,2,43,1,ronpo_s2_ckpt1400,ronpo_s2_ckpt1400,ronpo_s2_ckpt1400,Generate a creative birthday wish for a friend.
c9ddc4f2acfaccc8ead688da3280a2ed8d814f7a,0.044444444444444446,2,45,2,ronpo_s2_ckpt2457,ronpo_s2_ckpt1400,ronpo_s2_ckpt1400,Develop a non-compete agreement for a company's employees.
bb2871b20e8e27e0eeba49b3fec631dca84986c3,0.044444444444444446,2,45,2,ronpo_s2_ckpt1400,ronpo_s2_ckpt2457,ronpo_s2_ckpt2457,Why would I choose Kordich Airsports in Mexico to learn weightshift trike flying?
9e785063f4f6da67997bbb273066b3b4b7fb0eef,0.044444444444444446,2,45,2,ronpo_s2_ckpt2457,ronpo_s2_ckpt1400,ronpo_s2_ckpt1400,"Why did Patagonia launch the Common Threads Initiative? How did this create value for consumers? For society? How did this benefit Patagonia? Can you think of any other brands that engage in ""green marketing""?"
9573705a6b991a4a70af25d8a89c4b37a5ea1b34,0.044444444444444446,2,45,2,ronpo_s2_ckpt1400,ronpo_s2_ckpt2457,ronpo_s2_ckpt2457,What are some of the major factors that contribute to global warming according to scientific research? Can you provide a Java code that calculates the carbon dioxide emissions from burning fossil fuels and explain how it
35ef41448f887208be3bc18867e2dc69d43ff818,0.044444444444444446,2,45,2,ronpo_s2_ckpt2457,ronpo_s2_ckpt1400,ronpo_s2_ckpt2457,difference between Adobe Premier Pro and iMovie. which one is better? both has same features. kindly elaborate
e4fd6b84a148fb4f6a99ecf4e3cc738796cc0681,0.044444444444444446,2,45,1,ronpo_s2_ckpt1400,ronpo_s2_ckpt1400,ronpo_s2_ckpt1400,"Write a observational comedy bit about the experience of turning 30 years old. include a divorce, online dating, getting back in shape, and feeling the effects of aging on my body."
ccfe29f8743959a226c72dd648a1ecf11c01cb2b,0.044444444444444446,2,45,1,ronpo_s2_ckpt1400,ronpo_s2_ckpt1400,ronpo_s2_ckpt1400,"Answer the following question: Give me a possible correct answer to the question ""what did god say to abraham about circumcision?"" Answer:"
c0524e4fa0c29f4e5f49997d21bf7ee3545d44ab,0.044444444444444446,2,45,1,ronpo_s2_ckpt2457,ronpo_s2_ckpt2457,ronpo_s2_ckpt2457,"Record a podcast of at least 10 minutes in length discussing your favorite financial advice. Include personal anecdotes, examples, and specific tips for managing money effectively. Use a conversational tone and engage wi"
b970eb90f693a89b727c7aca5e8b9dc3baf9889c,0.044444444444444446,2,45,1,ronpo_s2_ckpt2457,ronpo_s2_ckpt2457,ronpo_s2_ckpt2457,"What are some common tasks that doctors perform on a daily basis, given that they have to follow strict regulations and guidelines in their practice? Can you provide a MATLAB code example of a doctor's daily tasks, consi"
b9619b606567f41f1167dc7b4ca2c9d28c44fe36,0.044444444444444446,2,45,1,htmnpo_athene_s2,htmnpo_athene_s2,htmnpo_athene_s2,"i need apps script to search a place name in a column, and store the lat and long on other columns"
b0d6038fff3aef992536668c691ab7ed6912d82b,0.044444444444444446,2,45,1,baseline,baseline,baseline,docker-compose: github workflow for multiple container build and deploy to dockerhub
ae53ee2d536362fee6dc7eccdaf66c726ec76d7c,0.044444444444444446,2,45,1,ronpo_s2_ckpt1400,ronpo_s2_ckpt1400,ronpo_s2_ckpt1400,"How do professional dancers maintain their stamina and flexibility, and what are some of the unique physical challenges they face?"
a513a29393002b00a91346e4d081e8475d46b423,0.044444444444444446,2,45,1,baseline,baseline,baseline,"Context: An ovarian cyst is a fluid-filled sac within the ovary. Often they cause no symptoms. Occasionally they may produce bloating, lower abdominal pain, or lower back pain. The majority of cysts are harmless. If the "
9acb25b9956d1bf0b8dac3a2d0e1fd9d360d4738,0.044444444444444446,2,45,1,ronpo_s2_ckpt2457,ronpo_s2_ckpt2457,ronpo_s2_ckpt2457,Write a proposal for a new franchise location.
9916344eddbd396733fc1f62353b602401bb80a7,0.044444444444444446,2,45,1,baseline,baseline,baseline,any success case for used car dealers using Unbounce?
979a5a556469ec06975b49614df5a453c882dcc5,0.044444444444444446,2,45,1,ronpo_s2_ckpt1400,ronpo_s2_ckpt1400,ronpo_s2_ckpt1400,Can you write a JavaScript function that determines which computer networking protocol is most relevant based on the input provided? Here are the options: Option A: IPv6  Option B: HTTP  Option C: UDP Please use the foll
8f1192983fae16aa6edcb6f067196e1b36672f48,0.044444444444444446,2,45,1,baseline,baseline,baseline,"You will be given a definition of a task first, then an example. Follow the example to solve a new instance of the task. In this task, you will be given sentences in which your task is to recognize the name of the locati"
8ea6686e7f65f79673ec950cd581b5bfb18cb810,0.044444444444444446,2,45,1,baseline,baseline,baseline,"You will be given a definition of a task first, then some input of the task. Given a broad category, generate a trivia-type question based on a specific entity in that category. The question should be non-ambiguous. Exte"
8b726c04c774cbe1c9723dc1a0129a02ae099101,0.044444444444444446,2,45,1,ronpo_s2_ckpt2457,ronpo_s2_ckpt2457,ronpo_s2_ckpt2457,"Design an innovative emblem that not only represents the identity and values of a soccer team, but also incorporates elements that showcase the team's history, culture, and aspirations. Consider using bold colors, creati"
87ca6b7615b2b828cde0eb92fd9e10ee88415593,0.044444444444444446,2,45,1,ronpo_s2_ckpt2457,ronpo_s2_ckpt2457,ronpo_s2_ckpt2457,"Provide a comprehensive analysis of the division operation of 2 divided by 5 and compare it with the division of other numbers by 5, such as 3, 4, 6, and 7. Please present a table that outlines the numeric outputs of the"
7d66065225930e9911ba85e800106ac1f6fbcebe,0.044444444444444446,2,45,1,ronpo_s2_ckpt2457,ronpo_s2_ckpt2457,ronpo_s2_ckpt2457,How does the government protect the wildlife in the national parks?
7740535ab13b381c661ed0fa308d0fd23d11791b,0.044444444444444446,2,45,1,ronpo_s2_ckpt2457,ronpo_s2_ckpt2457,ronpo_s2_ckpt2457,Can you describe the systems used in starting and finishing track and field events?
6bfd3b84d9f0f897512d879cb3efa65085e87343,0.044444444444444446,2,45,1,ronpo_s2_ckpt2457,ronpo_s2_ckpt2457,ronpo_s2_ckpt2457,"Can you provide a recipe for an apple crumble in a format that can be easily shared and replicated, such as a markdown document or an HTML page? Please include a list of ingredients and step-by-step instructions for prep"
53db54a560ad06f6a7c9f33db64bc16d09a21a41,0.044444444444444446,2,45,1,ronpo_s2_ckpt1400,ronpo_s2_ckpt1400,ronpo_s2_ckpt1400,"Could you generate a response poem to ""Cómo, Cuomo?"" that entertains a different perspective towards the governor's actions and leadership?: Songs of Eretz Poetry Review: New Poem: ""Cómo, Cuomo?"" I composed ""Cómo, Cuomo?"
421a1afc98c04dd0c7feade60b21260a4fcb4876,0.044444444444444446,2,45,1,ronpo_s2_ckpt2457,ronpo_s2_ckpt2457,ronpo_s2_ckpt2457,"Write a detailed analysis discussing the advantages and possible drawbacks of starting a specific type of direct sales business in terms of its financial stability, marketing strategies, and overall growth potential. Inc"
3f3a55b7baf529fb331199b3db4255f2df5ebed9,0.044444444444444446,2,45,1,ronpo_s2_ckpt1400,ronpo_s2_ckpt1400,ronpo_s2_ckpt1400,"Please answer the following question by reasoning step-by-step. If ""Two old people walk down a set of stairs."" does that mean that ""Holding hands.""? Options: - yes - it is not possible to tell - no. Step-by-step reasonin"
38ea860b88fb6f5f6fc8700651f7895ca4ef9b10,0.044444444444444446,2,45,1,ronpo_s2_ckpt2457,ronpo_s2_ckpt2457,ronpo_s2_ckpt2457,How many days should I visit santorini greece for?
2bb33085cc2e6c1e6a816876f5764ed644c3b0f3,0.044444444444444446,2,45,1,ronpo_s2_ckpt1400,ronpo_s2_ckpt1400,ronpo_s2_ckpt1400,"Develop a research plan to conduct a quantitative study that analyzes the long-term psychological effects (such as anxiety, depression, and suicidal tendencies) of extended periods of solitary confinement on incarcerated"
28afb47ed1ed30c0738284cb24fbe1f6ac4f64bb,0.044444444444444446,2,45,1,htmnpo_athene_s2,htmnpo_athene_s2,htmnpo_athene_s2,I tried but it won't include authorization header. Is it because server set 'Access-Control-Allow-Origin' to '\*' or wildcard that prevent me trying to include authorization header with it ?
1a0a30e41a9d8a48566f4dd33d5f98ba492c00eb,0.044444444444444446,2,45,1,ronpo_s2_ckpt1400,ronpo_s2_ckpt1400,ronpo_s2_ckpt1400,Write about the secret meanings hidden in the production design of a movie of your choice.
0475e62aa35d1454fce4740f073e0633ff2d90b1,0.044444444444444446,2,45,1,htmnpo_athene_s2,htmnpo_athene_s2,htmnpo_athene_s2,Does the solar activity in the Earth affect the Earth's magnetic field?
423c5ca2db046f93d09a1f1657c7e6ccd2f58fb4,0.023255813953488372,1,43,1,ronpo_s2_ckpt1400,ronpo_s2_ckpt1400,ronpo_s2_ckpt1400,"Write a review of a music festival you've recently attended, focusing on the overall atmosphere, crowd, and performances of the artists. Include details about the venue, food and drink options, merchandise availability, "
4046c07caa50afb47285745f5f8f69018c45874e,0.023255813953488372,1,43,1,ronpo_s2_ckpt1400,ronpo_s2_ckpt1400,ronpo_s2_ckpt1400,How do domain-specific languages function compared to general-purpose programming languages?
6578eaae2ea7e7c545af2afdbefe40130d27aa0e,0.0,0,43,2,htmnpo_athene_s2,htmnpo_armo_s2,htmnpo_armo_s2,I’m trying to prove to some mean people that I am funny. Can you give me some jokes to tell?
f0e931e5249f37ded09c7e1202f99b44b6d17f2f,0.0,0,35,1,ronpo_s2_ckpt1400,ronpo_s2_ckpt1400,ronpo_s2_ckpt1400,"Part 1. Definition In this task, you are given the abstract of a research paper. Your task is to generate a summary of this abstract. Your summary should not be very short, but it's better if it's not more than 30 words."
ee2bd78fc803a9a6024ca3c34a220f7dadf0a701,0.0,0,43,1,ronpo_s2_ckpt2457,ronpo_s2_ckpt2457,ronpo_s2_ckpt2457,What is the most effective way to analyze the impact of Covid-19 on education quality and economic disparities among different countries using Scala code and statistical methods? Assuming we have a dataset that includes 
e161ceb375ec3ec169e1259dabf656bfb7329531,0.0,0,45,1,ronpo_s2_ckpt1400,ronpo_s2_ckpt1400,ronpo_s2_ckpt1400,"What role does It's Time see for the government in promoting social and economic justice, and how would they implement this vision?"
ca3d7008bd722359c5fcca5b9c1670ee9484b331,0.0,0,42,1,htmnpo_armo_s2,htmnpo_armo_s2,htmnpo_armo_s2,"Make up 10 German town names that don't exist in real life and all end in ""stadt"". Also provide their direct English translations."
c7acc7b6209c610d316011711265a6c7c05509c9,0.0,0,45,1,ronpo_s2_ckpt2457,ronpo_s2_ckpt2457,ronpo_s2_ckpt2457,"Write a short story of at least 1000 words that explores the theme of addiction, specifically exploring the consequences of addiction on the individual and those around them. The story should be told in third-person omni"
c1056fdc1d23c9de20aedb1800be787b24acf8b1,0.0,0,39,1,htmnpo_athene_s2,htmnpo_athene_s2,htmnpo_athene_s2,"convert this list to a array of objects [{ value: a uuid4, title: text here }]  listValues: [  ""DAD: Tertiary LOC"", ""DAD: Sign/Symptom Circulatory & Respiratory"",   ""DAD: Sign/Symptom GI & Abdomen"",   ""DAD: Sign/Symptom "
b456f2d43631d08e027085c1ea8e5c7150294f03,0.0,0,45,1,htmnpo_skywork_s2,htmnpo_skywork_s2,htmnpo_skywork_s2,was yanukovich really pro-russian? what reasons did he have for preferring Russia to the EU assoication deal
90430341eba7eb561b27aa6825d116348c35ed13,0.0,0,45,1,htmnpo_skywork_s2,htmnpo_skywork_s2,htmnpo_skywork_s2,Can you describe the specific types of training programs offered by Kroger and how those programs have impacted employee retention rates?
8210775928203bdfd3654f19a8afa80e6e0ee083,0.0,0,45,1,ronpo_s2_ckpt2457,ronpo_s2_ckpt2457,ronpo_s2_ckpt2457,Construct lyrics in the style of The Proclaimers about the lack of motorway and slow progress of building a motorway between Derry and Belfast
4f59a05ead081a6671e129ee429927148b03c692,0.0,0,45,1,baseline,baseline,baseline,"Please help explain the difference between the EE Buck, HIL and the test bench."
38b9856276d0f5d3f5da71520aa0a0070541a2cf,0.0,0,43,1,ronpo_s2_ckpt2457,ronpo_s2_ckpt2457,ronpo_s2_ckpt2457,"In what ways did the Art Nouveau art movement change the cultural landscape of Europe in the late 19th and early 20th centuries, particularly in regards to its emphasis on organic forms, use of vibrant colors, and incorp"
360e23e95ae4494ec374c31f7aff5ab8ea373adf,0.0,0,45,1,baseline,baseline,baseline,"You will be given a definition of a task first, then some input of the task. You are given a sentence in Japanese. Your job is to translate the Japanese sentence into English.  次の津波がすぐに来ることはないだろうから Output:"
255d77c9593088f1732921c3f39b875643411d3a,0.0,0,45,1,htmnpo_athene_s2,htmnpo_athene_s2,htmnpo_athene_s2,"You are a cashier at a store and have a customer who wants to buy exactly $1.25 worth of items. The catch is that they only have 10 coins in their pocket, and each coin is either worth 1 cent, 5 cents or 10 cents. The cu"
0fd99411f3c245063f5a4579d9997b11911a8f8b,0.0,0,45,1,ronpo_s2_ckpt2457,ronpo_s2_ckpt2457,ronpo_s2_ckpt2457,Write the introduction for the presentation
00380b2244fb36bc1d65f183a7bae3f77f686ff7,0.0,0,43,1,baseline,baseline,baseline,"Charter Broadcast has chosen two Eyeheight canalettoHDi colour correctors to provide HD television coverage of the 36th Ryder Cup golf tournament this weekend. In addition to its versatile RGB adjustment facilities, cana"
